date,year,month,day,plot,trt,heat_treat,N_treat,rep,co2flux
7/17/06,2006,7,17,1,C,control,control,4,151.64
7/17/06,2006,7,17,12,C,control,control,2,113.77
7/17/06,2006,7,17,14,C,control,control,3,198.93
7/17/06,2006,7,17,19,C,control,control,5,88.39
7/17/06,2006,7,17,20,C,control,control,6,74.44
7/17/06,2006,7,17,24,C,control,control,1,149.95
8/22/06,2006,8,22,1,C,control,control,4,97.13
8/22/06,2006,8,22,12,C,control,control,2,126.85
8/22/06,2006,8,22,14,C,control,control,3,221.51
8/22/06,2006,8,22,19,C,control,control,5,122.6
8/22/06,2006,8,22,20,C,control,control,6,86.74
8/22/06,2006,8,22,24,C,control,control,1,112.12
9/9/06,2006,9,9,1,C,control,control,4,234.48
9/9/06,2006,9,9,12,C,control,control,2,81.4
9/9/06,2006,9,9,14,C,control,control,3,157.57
9/9/06,2006,9,9,19,C,control,control,5,118.7
9/9/06,2006,9,9,20,C,control,control,6,78.15
9/9/06,2006,9,9,24,C,control,control,1,71.9
10/4/06,2006,10,4,1,C,control,control,4,123.5
10/4/06,2006,10,4,12,C,control,control,2,80.5
10/4/06,2006,10,4,14,C,control,control,3,131.5
10/4/06,2006,10,4,19,C,control,control,5,72.7
10/4/06,2006,10,4,20,C,control,control,6,95.3
10/4/06,2006,10,4,24,C,control,control,1,60.9
10/25/06,2006,10,25,1,C,control,control,4,34.3
10/25/06,2006,10,25,12,C,control,control,2,25.3
10/25/06,2006,10,25,14,C,control,control,3,38.7
10/25/06,2006,10,25,19,C,control,control,5,46.2
10/25/06,2006,10,25,20,C,control,control,6,26.9
10/25/06,2006,10,25,24,C,control,control,1,28.2
11/6/06,2006,11,6,1,C,control,control,4,27.8
11/6/06,2006,11,6,12,C,control,control,2,28.5
11/6/06,2006,11,6,14,C,control,control,3,31.1
11/6/06,2006,11,6,19,C,control,control,5,20.2
11/6/06,2006,11,6,20,C,control,control,6,28.6
11/6/06,2006,11,6,24,C,control,control,1,17.4
5/15/07,2007,5,15,1,C,control,control,4,42.84
5/15/07,2007,5,15,12,C,control,control,2,26.82
5/15/07,2007,5,15,14,C,control,control,3,44.85
5/15/07,2007,5,15,19,C,control,control,5,26.04
5/15/07,2007,5,15,20,C,control,control,6,37.48
5/15/07,2007,5,15,24,C,control,control,1,28.86
5/21/07,2007,5,21,1,C,control,control,4,50.26
5/21/07,2007,5,21,12,C,control,control,2,31.34
5/21/07,2007,5,21,14,C,control,control,3,47.09
5/21/07,2007,5,21,19,C,control,control,5,22.76
5/21/07,2007,5,21,20,C,control,control,6,58.39
5/21/07,2007,5,21,24,C,control,control,1,30.68
6/11/07,2007,6,11,1,C,control,control,4,99.62
6/11/07,2007,6,11,12,C,control,control,2,72.92
6/11/07,2007,6,11,14,C,control,control,3,103.31
6/11/07,2007,6,11,19,C,control,control,5,54.09
6/11/07,2007,6,11,20,C,control,control,6,100.57
6/11/07,2007,6,11,24,C,control,control,1,84.36
6/27/07,2007,6,27,1,C,control,control,4,130.82
6/27/07,2007,6,27,12,C,control,control,2,90.05
6/27/07,2007,6,27,14,C,control,control,3,125.11
6/27/07,2007,6,27,19,C,control,control,5,63.56
6/27/07,2007,6,27,20,C,control,control,6,126.32
6/27/07,2007,6,27,24,C,control,control,1,76.43
7/9/07,2007,7,9,1,C,control,control,4,152.35
7/9/07,2007,7,9,12,C,control,control,2,114.74
7/9/07,2007,7,9,14,C,control,control,3,147.08
7/9/07,2007,7,9,19,C,control,control,5,79.77
7/9/07,2007,7,9,20,C,control,control,6,144.3
7/9/07,2007,7,9,24,C,control,control,1,77.75
7/23/07,2007,7,23,1,C,control,control,4,141.73
7/23/07,2007,7,23,12,C,control,control,2,105.58
7/23/07,2007,7,23,14,C,control,control,3,135.62
7/23/07,2007,7,23,19,C,control,control,5,62.41
7/23/07,2007,7,23,20,C,control,control,6,130.63
7/23/07,2007,7,23,24,C,control,control,1,87.27
8/14/07,2007,8,14,1,C,control,control,4,109
8/14/07,2007,8,14,12,C,control,control,2,97.37
8/14/07,2007,8,14,14,C,control,control,3,167.89
8/14/07,2007,8,14,19,C,control,control,5,60.21
8/14/07,2007,8,14,20,C,control,control,6,117.55
8/14/07,2007,8,14,24,C,control,control,1,65.71
8/31/07,2007,8,31,1,C,control,control,4,77.23
8/31/07,2007,8,31,12,C,control,control,2,59.68
8/31/07,2007,8,31,14,C,control,control,3,73.05
8/31/07,2007,8,31,19,C,control,control,5,40.36
8/31/07,2007,8,31,20,C,control,control,6,59.1
8/31/07,2007,8,31,24,C,control,control,1,55.23
9/10/07,2007,9,10,1,C,control,control,4,91.7
9/10/07,2007,9,10,12,C,control,control,2,62.67
9/10/07,2007,9,10,14,C,control,control,3,121.31
9/10/07,2007,9,10,19,C,control,control,5,58.02
9/10/07,2007,9,10,20,C,control,control,6,59.71
9/10/07,2007,9,10,24,C,control,control,1,62.91
9/22/07,2007,9,22,1,C,control,control,4,68.29
9/22/07,2007,9,22,12,C,control,control,2,53.33
9/22/07,2007,9,22,14,C,control,control,3,78.47
9/22/07,2007,9,22,19,C,control,control,5,44.17
9/22/07,2007,9,22,20,C,control,control,6,61.46
9/22/07,2007,9,22,24,C,control,control,1,60.52
10/24/07,2007,10,24,1,C,control,control,4,72.93
10/24/07,2007,10,24,12,C,control,control,2,55.72
10/24/07,2007,10,24,14,C,control,control,3,79.55
10/24/07,2007,10,24,19,C,control,control,5,44.13
10/24/07,2007,10,24,20,C,control,control,6,68.51
10/24/07,2007,10,24,24,C,control,control,1,55.7
11/2/07,2007,11,2,1,C,control,control,4,43.01
11/2/07,2007,11,2,12,C,control,control,2,34.48
11/2/07,2007,11,2,14,C,control,control,3,52.42
11/2/07,2007,11,2,19,C,control,control,5,29.91
11/2/07,2007,11,2,20,C,control,control,6,31.39
11/2/07,2007,11,2,24,C,control,control,1,33.37
11/12/07,2007,11,12,1,C,control,control,4,42.88
11/12/07,2007,11,12,12,C,control,control,2,38.83
11/12/07,2007,11,12,14,C,control,control,3,47.65
11/12/07,2007,11,12,19,C,control,control,5,35.27
11/12/07,2007,11,12,20,C,control,control,6,38.31
11/12/07,2007,11,12,24,C,control,control,1,38.21
12/7/07,2007,12,7,1,C,control,control,4,11.77
12/7/07,2007,12,7,12,C,control,control,2,8.9
12/7/07,2007,12,7,14,C,control,control,3,18.18
12/7/07,2007,12,7,19,C,control,control,5,10.57
12/7/07,2007,12,7,20,C,control,control,6,11.42
12/7/07,2007,12,7,24,C,control,control,1,13.46
12/18/07,2007,12,18,1,C,control,control,4,24.46
12/18/07,2007,12,18,12,C,control,control,2,13.65
12/18/07,2007,12,18,14,C,control,control,3,21.81
12/18/07,2007,12,18,19,C,control,control,5,18.72
12/18/07,2007,12,18,20,C,control,control,6,27.49
12/18/07,2007,12,18,24,C,control,control,1,25.58
1/10/08,2008,1,10,1,C,control,control,4,29.01
1/10/08,2008,1,10,12,C,control,control,2,16.71
1/10/08,2008,1,10,14,C,control,control,3,25.8
1/10/08,2008,1,10,19,C,control,control,5,16.91
1/10/08,2008,1,10,20,C,control,control,6,17.84
1/10/08,2008,1,10,24,C,control,control,1,15
1/31/08,2008,1,31,1,C,control,control,4,19.86
1/31/08,2008,1,31,12,C,control,control,2,18.09
1/31/08,2008,1,31,14,C,control,control,3,8.53
1/31/08,2008,1,31,19,C,control,control,5,8.6
1/31/08,2008,1,31,20,C,control,control,6,13.73
1/31/08,2008,1,31,24,C,control,control,1,13.07
2/28/08,2008,2,28,1,C,control,control,4,23.11
2/28/08,2008,2,28,12,C,control,control,2,12.87
2/28/08,2008,2,28,14,C,control,control,3,20.75
2/28/08,2008,2,28,19,C,control,control,5,14.47
2/28/08,2008,2,28,24,C,control,control,1,25.51
3/22/08,2008,3,22,1,C,control,control,4,8.15
3/22/08,2008,3,22,12,C,control,control,2,5.39
3/22/08,2008,3,22,14,C,control,control,3,4.71
3/22/08,2008,3,22,19,C,control,control,5,14.06
3/22/08,2008,3,22,20,C,control,control,6,10.82
3/22/08,2008,3,22,24,C,control,control,1,7.32
4/8/08,2008,4,8,1,C,control,control,4,21.06
4/8/08,2008,4,8,12,C,control,control,2,17.52
4/8/08,2008,4,8,14,C,control,control,3,26.97
4/8/08,2008,4,8,19,C,control,control,5,14.54
4/8/08,2008,4,8,20,C,control,control,6,20.77
4/8/08,2008,4,8,24,C,control,control,1,11.19
4/22/08,2008,4,22,1,C,control,control,4,14.97
4/22/08,2008,4,22,12,C,control,control,2,23
4/22/08,2008,4,22,14,C,control,control,3,18.62
4/22/08,2008,4,22,19,C,control,control,5,23.83
4/22/08,2008,4,22,20,C,control,control,6,28.57
4/22/08,2008,4,22,24,C,control,control,1,20.56
5/16/08,2008,5,16,1,C,control,control,4,38.32
5/16/08,2008,5,16,12,C,control,control,2,34
5/16/08,2008,5,16,14,C,control,control,3,39.28
5/16/08,2008,5,16,19,C,control,control,5,24.26
5/16/08,2008,5,16,20,C,control,control,6,34.58
5/16/08,2008,5,16,24,C,control,control,1,28.26
6/12/08,2008,6,12,1,C,control,control,4,132.4
6/12/08,2008,6,12,12,C,control,control,2,104.56
6/12/08,2008,6,12,14,C,control,control,3,131.6
6/12/08,2008,6,12,19,C,control,control,5,83.41
6/12/08,2008,6,12,20,C,control,control,6,129.59
6/12/08,2008,6,12,24,C,control,control,1,96.86
6/20/08,2008,6,20,1,C,control,control,4,97.87
6/20/08,2008,6,20,12,C,control,control,2,71.53
6/20/08,2008,6,20,14,C,control,control,3,110.52
6/20/08,2008,6,20,19,C,control,control,5,61.32
6/20/08,2008,6,20,20,C,control,control,6,102.47
6/20/08,2008,6,20,24,C,control,control,1,68.77
7/12/08,2008,7,12,1,C,control,control,4,142.63
7/12/08,2008,7,12,12,C,control,control,2,97.47
7/12/08,2008,7,12,14,C,control,control,3,124.69
7/12/08,2008,7,12,19,C,control,control,5,66.3
7/12/08,2008,7,12,20,C,control,control,6,125.11
7/12/08,2008,7,12,24,C,control,control,1,93.69
7/22/08,2008,7,22,1,C,control,control,4,189.2
7/22/08,2008,7,22,12,C,control,control,2,124.64
7/22/08,2008,7,22,14,C,control,control,3,190.43
7/22/08,2008,7,22,19,C,control,control,5,102.21
7/22/08,2008,7,22,20,C,control,control,6,190.88
7/22/08,2008,7,22,24,C,control,control,1,158.82
8/13/08,2008,8,13,1,C,control,control,4,165.94
8/13/08,2008,8,13,12,C,control,control,2,98.36
8/13/08,2008,8,13,14,C,control,control,3,133.67
8/13/08,2008,8,13,19,C,control,control,5,86.69
8/13/08,2008,8,13,20,C,control,control,6,120.76
8/13/08,2008,8,13,24,C,control,control,1,102.84
8/25/08,2008,8,25,1,C,control,control,4,156.31
8/25/08,2008,8,25,12,C,control,control,2,97.27
8/25/08,2008,8,25,14,C,control,control,3,132.31
8/25/08,2008,8,25,19,C,control,control,5,77.12
8/25/08,2008,8,25,20,C,control,control,6,118.99
8/25/08,2008,8,25,24,C,control,control,1,94.75
9/11/08,2008,9,11,1,C,control,control,4,112.5
9/11/08,2008,9,11,12,C,control,control,2,74.32
9/11/08,2008,9,11,14,C,control,control,3,94.11
9/11/08,2008,9,11,19,C,control,control,5,71.85
9/11/08,2008,9,11,20,C,control,control,6,78.73
9/11/08,2008,9,11,24,C,control,control,1,70.58
9/23/08,2008,9,23,1,C,control,control,4,82.34
9/23/08,2008,9,23,12,C,control,control,2,47.33
9/23/08,2008,9,23,14,C,control,control,3,70.4
9/23/08,2008,9,23,19,C,control,control,5,48.26
9/23/08,2008,9,23,20,C,control,control,6,62.62
9/23/08,2008,9,23,24,C,control,control,1,57.64
10/3/08,2008,10,3,1,C,control,control,4,57.67
10/3/08,2008,10,3,12,C,control,control,2,49.84
10/3/08,2008,10,3,14,C,control,control,3,54.59
10/3/08,2008,10,3,19,C,control,control,5,74.22
10/3/08,2008,10,3,20,C,control,control,6,53.05
10/3/08,2008,10,3,24,C,control,control,1,66.48
10/13/08,2008,10,13,1,C,control,control,4,48.92
10/13/08,2008,10,13,12,C,control,control,2,38.78
10/13/08,2008,10,13,14,C,control,control,3,46.88
10/13/08,2008,10,13,19,C,control,control,5,67.13
10/13/08,2008,10,13,20,C,control,control,6,47.73
10/13/08,2008,10,13,24,C,control,control,1,71.53
12/4/08,2008,12,4,1,C,control,control,4,19.77
12/4/08,2008,12,4,12,C,control,control,2,9.73
12/4/08,2008,12,4,12,C,control,control,2,40
12/4/08,2008,12,4,14,C,control,control,3,11.6
12/4/08,2008,12,4,19,C,control,control,5,15.26
12/4/08,2008,12,4,20,C,control,control,6,15.39
12/4/08,2008,12,4,24,C,control,control,1,10.58
1/14/09,2009,1,14,1,C,control,control,4,36.41
1/14/09,2009,1,14,12,C,control,control,2,42.8
1/14/09,2009,1,14,14,C,control,control,3,18.81
1/14/09,2009,1,14,19,C,control,control,5,31.91
1/14/09,2009,1,14,20,C,control,control,6,26.64
1/14/09,2009,1,14,24,C,control,control,1,36.72
1/29/09,2009,1,29,1,C,control,control,4,38.92
1/29/09,2009,1,29,14,C,control,control,3,17.54
1/29/09,2009,1,29,20,C,control,control,6,13.23
1/29/09,2009,1,29,24,C,control,control,1,23.88
2/11/09,2009,2,11,1,C,control,control,4,36.16
2/11/09,2009,2,11,12,C,control,control,2,31.99
2/11/09,2009,2,11,14,C,control,control,3,42.61
2/11/09,2009,2,11,20,C,control,control,6,25.58
2/11/09,2009,2,11,24,C,control,control,1,27.39
2/25/09,2009,2,25,1,C,control,control,4,22.31
2/25/09,2009,2,25,12,C,control,control,2,19.41
2/25/09,2009,2,25,14,C,control,control,3,19.83
2/25/09,2009,2,25,20,C,control,control,6,13.76
2/25/09,2009,2,25,24,C,control,control,1,24.43
3/16/09,2009,3,16,1,C,control,control,4,NA
3/16/09,2009,3,16,12,C,control,control,2,5.16
3/16/09,2009,3,16,19,C,control,control,5,25.22
3/16/09,2009,3,16,20,C,control,control,6,26.36
3/16/09,2009,3,16,24,C,control,control,1,6.83
3/25/09,2009,3,25,1,C,control,control,4,24.32
3/25/09,2009,3,25,12,C,control,control,2,16.7
3/25/09,2009,3,25,14,C,control,control,3,22.17
3/25/09,2009,3,25,19,C,control,control,5,14.54
3/25/09,2009,3,25,20,C,control,control,6,13.19
3/25/09,2009,3,25,24,C,control,control,1,18.52
4/27/09,2009,4,27,1,C,control,control,4,34.59
4/27/09,2009,4,27,12,C,control,control,2,26.28
4/27/09,2009,4,27,14,C,control,control,3,46.93
4/27/09,2009,4,27,19,C,control,control,5,38.83
4/27/09,2009,4,27,20,C,control,control,6,37.05
4/27/09,2009,4,27,24,C,control,control,1,31.68
6/5/09,2009,6,5,1,C,control,control,4,70.69
6/5/09,2009,6,5,12,C,control,control,2,58.15
6/5/09,2009,6,5,14,C,control,control,3,73.8
6/5/09,2009,6,5,19,C,control,control,5,62.11
6/5/09,2009,6,5,20,C,control,control,6,49.97
6/5/09,2009,6,5,24,C,control,control,1,39.4
6/18/09,2009,6,18,1,C,control,control,4,110.69
6/18/09,2009,6,18,12,C,control,control,2,92.11
6/18/09,2009,6,18,14,C,control,control,3,120.47
6/18/09,2009,6,18,19,C,control,control,5,94.13
6/18/09,2009,6,18,20,C,control,control,6,103.17
6/18/09,2009,6,18,24,C,control,control,1,73.06
7/9/09,2009,7,9,1,C,control,control,4,148.79
7/9/09,2009,7,9,12,C,control,control,2,97.76
7/9/09,2009,7,9,14,C,control,control,3,136.87
7/9/09,2009,7,9,19,C,control,control,5,126.25
7/9/09,2009,7,9,20,C,control,control,6,106.7
7/9/09,2009,7,9,24,C,control,control,1,89.45
8/18/09,2009,8,18,1,C,control,control,4,99.7
8/18/09,2009,8,18,12,C,control,control,2,88.16
8/18/09,2009,8,18,14,C,control,control,3,105.8
8/18/09,2009,8,18,19,C,control,control,5,71.5
8/18/09,2009,8,18,20,C,control,control,6,92.64
8/18/09,2009,8,18,24,C,control,control,1,62.07
9/25/09,2009,9,25,1,C,control,control,4,50.44
9/25/09,2009,9,25,12,C,control,control,2,45.66
9/25/09,2009,9,25,14,C,control,control,3,68.33
9/25/09,2009,9,25,19,C,control,control,5,40.07
9/25/09,2009,9,25,20,C,control,control,6,52.25
9/25/09,2009,9,25,24,C,control,control,1,74.72
10/30/09,2009,10,30,1,C,control,control,4,109.4
10/30/09,2009,10,30,12,C,control,control,2,46.45
10/30/09,2009,10,30,14,C,control,control,3,80.57
10/30/09,2009,10,30,19,C,control,control,5,59.63
10/30/09,2009,10,30,20,C,control,control,6,69.95
10/30/09,2009,10,30,24,C,control,control,1,42.72
4/8/10,2010,4,8,1,C,control,control,4,30.2
4/8/10,2010,4,8,12,C,control,control,2,20.57
4/8/10,2010,4,8,14,C,control,control,3,26.07
4/8/10,2010,4,8,19,C,control,control,5,35.48
4/8/10,2010,4,8,20,C,control,control,6,60.51
4/8/10,2010,4,8,24,C,control,control,1,9.21
5/18/10,2010,5,18,1,C,control,control,4,44.48
5/18/10,2010,5,18,12,C,control,control,2,36.85
5/18/10,2010,5,18,14,C,control,control,3,63.85
5/18/10,2010,5,18,19,C,control,control,5,33.58
5/18/10,2010,5,18,20,C,control,control,6,55.74
5/18/10,2010,5,18,24,C,control,control,1,38.98
6/15/10,2010,6,15,1,C,control,control,4,113
6/15/10,2010,6,15,12,C,control,control,2,86.96
6/15/10,2010,6,15,14,C,control,control,3,59.66
6/15/10,2010,6,15,19,C,control,control,5,50.65
6/15/10,2010,6,15,20,C,control,control,6,NA
6/15/10,2010,6,15,24,C,control,control,1,46
7/14/10,2010,7,14,1,C,control,control,4,NA
7/14/10,2010,7,14,12,C,control,control,2,68.53
7/14/10,2010,7,14,14,C,control,control,3,106.7
7/14/10,2010,7,14,19,C,control,control,5,109.33
7/14/10,2010,7,14,20,C,control,control,6,73.26
7/14/10,2010,7,14,24,C,control,control,1,NA
8/19/10,2010,8,19,1,C,control,control,4,106.2
8/19/10,2010,8,19,12,C,control,control,2,72.76
8/19/10,2010,8,19,14,C,control,control,3,101.08
8/19/10,2010,8,19,19,C,control,control,5,63.06
8/19/10,2010,8,19,20,C,control,control,6,73.82
8/19/10,2010,8,19,24,C,control,control,1,74.69
9/23/10,2010,9,23,1,C,control,control,4,58.31
9/23/10,2010,9,23,12,C,control,control,2,49.59
9/23/10,2010,9,23,14,C,control,control,3,59.66
9/23/10,2010,9,23,19,C,control,control,5,37.98
9/23/10,2010,9,23,20,C,control,control,6,51.32
9/23/10,2010,9,23,24,C,control,control,1,44.73
10/30/10,2010,10,30,1,C,control,control,4,90.58
10/30/10,2010,10,30,12,C,control,control,2,28.25
10/30/10,2010,10,30,14,C,control,control,3,102.93
10/30/10,2010,10,30,19,C,control,control,5,84.7
10/30/10,2010,10,30,20,C,control,control,6,27.75
10/30/10,2010,10,30,24,C,control,control,1,102.77
5/7/11,2011,5,7,1,C,control,control,4,134.92
5/7/11,2011,5,7,12,C,control,control,2,123.68
5/7/11,2011,5,7,14,C,control,control,3,109.41
5/7/11,2011,5,7,19,C,control,control,5,84.32
5/7/11,2011,5,7,20,C,control,control,6,95.14
5/7/11,2011,5,7,24,C,control,control,1,121.51
6/30/11,2011,6,30,1,C,control,control,4,141.91
6/30/11,2011,6,30,12,C,control,control,2,109.82
6/30/11,2011,6,30,14,C,control,control,3,139.94
6/30/11,2011,6,30,19,C,control,control,5,104.4
6/30/11,2011,6,30,20,C,control,control,6,114.05
6/30/11,2011,6,30,24,C,control,control,1,85.1
7/17/11,2011,7,17,1,C,control,control,4,250.38
7/17/11,2011,7,17,12,C,control,control,2,297.51
7/17/11,2011,7,17,14,C,control,control,3,198.49
7/17/11,2011,7,17,19,C,control,control,5,203.24
7/17/11,2011,7,17,20,C,control,control,6,192
7/17/11,2011,7,17,24,C,control,control,1,315.24
8/27/11,2011,8,27,1,C,control,control,4,391.78
8/27/11,2011,8,27,12,C,control,control,2,284.97
8/27/11,2011,8,27,14,C,control,control,3,348.54
8/27/11,2011,8,27,19,C,control,control,5,313.08
8/27/11,2011,8,27,20,C,control,control,6,298.38
8/27/11,2011,8,27,24,C,control,control,1,507.24
9/30/11,2011,9,30,1,C,control,control,4,137.95
9/30/11,2011,9,30,12,C,control,control,2,145.3
9/30/11,2011,9,30,14,C,control,control,3,131.89
9/30/11,2011,9,30,19,C,control,control,5,150.05
9/30/11,2011,9,30,20,C,control,control,6,128
9/30/11,2011,9,30,24,C,control,control,1,160.43
5/17/12,2012,5,17,1,C,control,control,4,58.38
5/17/12,2012,5,17,12,C,control,control,2,48
5/17/12,2012,5,17,14,C,control,control,3,54.49
5/17/12,2012,5,17,19,C,control,control,5,75.24
5/17/12,2012,5,17,20,C,control,control,6,35.89
5/17/12,2012,5,17,24,C,control,control,1,30.7
6/11/12,2012,6,11,1,C,control,control,4,41.08
6/11/12,2012,6,11,12,C,control,control,2,65.3
6/11/12,2012,6,11,14,C,control,control,3,125.41
6/11/12,2012,6,11,19,C,control,control,5,90.81
6/11/12,2012,6,11,20,C,control,control,6,71.78
6/11/12,2012,6,11,24,C,control,control,1,71.35
7/2/12,2012,7,2,1,C,control,control,4,106.81
7/2/12,2012,7,2,12,C,control,control,2,92.97
7/2/12,2012,7,2,14,C,control,control,3,93.41
7/2/12,2012,7,2,19,C,control,control,5,90.38
7/2/12,2012,7,2,20,C,control,control,6,64.43
7/2/12,2012,7,2,24,C,control,control,1,96
8/2/12,2012,8,2,1,C,control,control,4,112.43
8/2/12,2012,8,2,12,C,control,control,2,251.68
8/2/12,2012,8,2,14,C,control,control,3,243.89
8/2/12,2012,8,2,19,C,control,control,5,163.03
8/2/12,2012,8,2,20,C,control,control,6,190.7
8/2/12,2012,8,2,24,C,control,control,1,224.86
9/4/12,2012,9,4,1,C,control,control,4,256
9/4/12,2012,9,4,12,C,control,control,2,103.35
9/4/12,2012,9,4,14,C,control,control,3,119.78
9/4/12,2012,9,4,19,C,control,control,5,97.73
9/4/12,2012,9,4,20,C,control,control,6,67.89
9/4/12,2012,9,4,24,C,control,control,1,81.3
9/21/12,2012,9,21,1,C,control,control,4,82.59
9/21/12,2012,9,21,12,C,control,control,2,82.16
9/21/12,2012,9,21,14,C,control,control,3,64.86
9/21/12,2012,9,21,19,C,control,control,5,67.89
9/21/12,2012,9,21,20,C,control,control,6,55.35
9/21/12,2012,9,21,24,C,control,control,1,70.49
10/8/12,2012,10,8,1,C,control,control,4,64.86
10/8/12,2012,10,8,12,C,control,control,2,66.59
10/8/12,2012,10,8,14,C,control,control,3,51.03
10/8/12,2012,10,8,19,C,control,control,5,59.68
10/8/12,2012,10,8,20,C,control,control,6,41.95
10/8/12,2012,10,8,24,C,control,control,1,54.49
5/15/13,2013,5,15,1,C,control,control,4,99.36
5/15/13,2013,5,15,12,C,control,control,2,163.01
5/15/13,2013,5,15,14,C,control,control,3,115.74
5/15/13,2013,5,15,19,C,control,control,5,104.66
5/15/13,2013,5,15,20,C,control,control,6,108.98
5/15/13,2013,5,15,24,C,control,control,1,122.34
6/20/13,2013,6,20,1,C,control,control,4,318.19
6/20/13,2013,6,20,12,C,control,control,2,276.59
6/20/13,2013,6,20,14,C,control,control,3,242.18
6/20/13,2013,6,20,19,C,control,control,5,262.73
6/20/13,2013,6,20,20,C,control,control,6,194.41
6/20/13,2013,6,20,24,C,control,control,1,273.29
8/19/13,2013,8,19,1,C,control,control,4,128.4
8/19/13,2013,8,19,12,C,control,control,2,93.03
8/19/13,2013,8,19,14,C,control,control,3,133.86
8/19/13,2013,8,19,19,C,control,control,5,104.48
8/19/13,2013,8,19,20,C,control,control,6,89.86
8/19/13,2013,8,19,24,C,control,control,1,145.34
9/16/13,2013,9,16,1,C,control,control,4,132.05
9/16/13,2013,9,16,12,C,control,control,2,122.74
9/16/13,2013,9,16,14,C,control,control,3,144.96
9/16/13,2013,9,16,19,C,control,control,5,114.13
9/16/13,2013,9,16,20,C,control,control,6,94.4
9/16/13,2013,9,16,24,C,control,control,1,120.9
10/18/13,2013,10,18,1,C,control,control,4,83.24
10/18/13,2013,10,18,12,C,control,control,2,79.49
10/18/13,2013,10,18,14,C,control,control,3,93.99
10/18/13,2013,10,18,19,C,control,control,5,75.07
10/18/13,2013,10,18,20,C,control,control,6,80.27
10/18/13,2013,10,18,24,C,control,control,1,83.24
7/17/06,2006,7,17,2,H,heated,control,3,144.73
7/17/06,2006,7,17,5,H,heated,control,5,167.75
7/17/06,2006,7,17,8,H,heated,control,2,96.39
7/17/06,2006,7,17,13,H,heated,control,1,108.38
7/17/06,2006,7,17,18,H,heated,control,4,83.64
7/17/06,2006,7,17,22,H,heated,control,6,121.75
8/22/06,2006,8,22,2,H,heated,control,3,130.8
8/22/06,2006,8,22,5,H,heated,control,5,213.58
8/22/06,2006,8,22,8,H,heated,control,2,108.22
8/22/06,2006,8,22,13,H,heated,control,1,83.35
8/22/06,2006,8,22,18,H,heated,control,4,119.12
8/22/06,2006,8,22,22,H,heated,control,6,133.08
9/9/06,2006,9,9,2,H,heated,control,3,147.25
9/9/06,2006,9,9,5,H,heated,control,5,271.13
9/9/06,2006,9,9,8,H,heated,control,2,238.99
9/9/06,2006,9,9,13,H,heated,control,1,147.15
9/9/06,2006,9,9,18,H,heated,control,4,99.95
9/9/06,2006,9,9,22,H,heated,control,6,96.99
10/4/06,2006,10,4,2,H,heated,control,3,143.2
10/4/06,2006,10,4,5,H,heated,control,5,178.8
10/4/06,2006,10,4,8,H,heated,control,2,93.3
10/4/06,2006,10,4,13,H,heated,control,1,163.5
10/4/06,2006,10,4,18,H,heated,control,4,96.3
10/4/06,2006,10,4,22,H,heated,control,6,96.1
10/25/06,2006,10,25,2,H,heated,control,3,63
10/25/06,2006,10,25,5,H,heated,control,5,79.5
10/25/06,2006,10,25,8,H,heated,control,2,41.7
10/25/06,2006,10,25,13,H,heated,control,1,41.7
10/25/06,2006,10,25,18,H,heated,control,4,37.3
10/25/06,2006,10,25,22,H,heated,control,6,41.4
11/6/06,2006,11,6,2,H,heated,control,3,46.2
11/6/06,2006,11,6,5,H,heated,control,5,89.9
11/6/06,2006,11,6,8,H,heated,control,2,26.1
11/6/06,2006,11,6,13,H,heated,control,1,60.2
11/6/06,2006,11,6,18,H,heated,control,4,41.8
11/6/06,2006,11,6,22,H,heated,control,6,37
5/15/07,2007,5,15,2,H,heated,control,3,59.61
5/15/07,2007,5,15,5,H,heated,control,5,113.52
5/15/07,2007,5,15,8,H,heated,control,2,46.87
5/15/07,2007,5,15,13,H,heated,control,1,72.91
5/15/07,2007,5,15,18,H,heated,control,4,58.13
5/15/07,2007,5,15,22,H,heated,control,6,51.62
5/21/07,2007,5,21,2,H,heated,control,3,70.16
5/21/07,2007,5,21,5,H,heated,control,5,103.57
5/21/07,2007,5,21,8,H,heated,control,2,47.92
5/21/07,2007,5,21,13,H,heated,control,1,62.8
5/21/07,2007,5,21,18,H,heated,control,4,63.43
5/21/07,2007,5,21,22,H,heated,control,6,50.4
6/11/07,2007,6,11,2,H,heated,control,3,121.22
6/11/07,2007,6,11,5,H,heated,control,5,191.55
6/11/07,2007,6,11,8,H,heated,control,2,102.57
6/11/07,2007,6,11,13,H,heated,control,1,166.67
6/11/07,2007,6,11,18,H,heated,control,4,102.14
6/11/07,2007,6,11,22,H,heated,control,6,113.12
6/27/07,2007,6,27,2,H,heated,control,3,145.65
6/27/07,2007,6,27,5,H,heated,control,5,201.75
6/27/07,2007,6,27,8,H,heated,control,2,136.57
6/27/07,2007,6,27,13,H,heated,control,1,218.34
6/27/07,2007,6,27,18,H,heated,control,4,94.31
6/27/07,2007,6,27,22,H,heated,control,6,102.47
7/9/07,2007,7,9,2,H,heated,control,3,157.3
7/9/07,2007,7,9,5,H,heated,control,5,190.97
7/9/07,2007,7,9,8,H,heated,control,2,163.89
7/9/07,2007,7,9,13,H,heated,control,1,206.43
7/9/07,2007,7,9,18,H,heated,control,4,124.49
7/9/07,2007,7,9,22,H,heated,control,6,116.49
7/23/07,2007,7,23,2,H,heated,control,3,145
7/23/07,2007,7,23,5,H,heated,control,5,172.56
7/23/07,2007,7,23,8,H,heated,control,2,176.9
7/23/07,2007,7,23,13,H,heated,control,1,232.06
7/23/07,2007,7,23,18,H,heated,control,4,109.16
7/23/07,2007,7,23,22,H,heated,control,6,99.3
8/14/07,2007,8,14,2,H,heated,control,3,87.05
8/14/07,2007,8,14,5,H,heated,control,5,128.34
8/14/07,2007,8,14,8,H,heated,control,2,91.34
8/14/07,2007,8,14,13,H,heated,control,1,154.61
8/14/07,2007,8,14,18,H,heated,control,4,94.33
8/14/07,2007,8,14,22,H,heated,control,6,88.84
8/31/07,2007,8,31,2,H,heated,control,3,53.28
8/31/07,2007,8,31,5,H,heated,control,5,70.81
8/31/07,2007,8,31,8,H,heated,control,2,54.38
8/31/07,2007,8,31,13,H,heated,control,1,102.06
8/31/07,2007,8,31,18,H,heated,control,4,56.86
8/31/07,2007,8,31,22,H,heated,control,6,66.62
9/10/07,2007,9,10,2,H,heated,control,3,94.18
9/10/07,2007,9,10,5,H,heated,control,5,77.71
9/10/07,2007,9,10,8,H,heated,control,2,84.32
9/10/07,2007,9,10,13,H,heated,control,1,148.98
9/10/07,2007,9,10,18,H,heated,control,4,84.25
9/10/07,2007,9,10,22,H,heated,control,6,60.76
9/22/07,2007,9,22,2,H,heated,control,3,89.99
9/22/07,2007,9,22,5,H,heated,control,5,81.75
9/22/07,2007,9,22,8,H,heated,control,2,51.09
9/22/07,2007,9,22,13,H,heated,control,1,134.31
9/22/07,2007,9,22,18,H,heated,control,4,57.1
9/22/07,2007,9,22,22,H,heated,control,6,85.33
10/24/07,2007,10,24,2,H,heated,control,3,100.74
10/24/07,2007,10,24,5,H,heated,control,5,97.98
10/24/07,2007,10,24,8,H,heated,control,2,78.16
10/24/07,2007,10,24,13,H,heated,control,1,128.66
10/24/07,2007,10,24,18,H,heated,control,4,67.29
10/24/07,2007,10,24,22,H,heated,control,6,90.32
11/2/07,2007,11,2,2,H,heated,control,3,58.17
11/2/07,2007,11,2,5,H,heated,control,5,54.86
11/2/07,2007,11,2,8,H,heated,control,2,63.65
11/2/07,2007,11,2,13,H,heated,control,1,67.88
11/2/07,2007,11,2,18,H,heated,control,4,43.27
11/2/07,2007,11,2,22,H,heated,control,6,37.38
11/12/07,2007,11,12,2,H,heated,control,3,54.82
11/12/07,2007,11,12,5,H,heated,control,5,52.11
11/12/07,2007,11,12,8,H,heated,control,2,56.37
11/12/07,2007,11,12,13,H,heated,control,1,68.8
11/12/07,2007,11,12,18,H,heated,control,4,41.61
11/12/07,2007,11,12,22,H,heated,control,6,47.86
12/7/07,2007,12,7,2,H,heated,control,3,18.29
12/7/07,2007,12,7,5,H,heated,control,5,21.05
12/7/07,2007,12,7,8,H,heated,control,2,19.72
12/7/07,2007,12,7,13,H,heated,control,1,24.04
12/7/07,2007,12,7,18,H,heated,control,4,14.79
12/7/07,2007,12,7,22,H,heated,control,6,21.42
12/18/07,2007,12,18,2,H,heated,control,3,30.08
12/18/07,2007,12,18,5,H,heated,control,5,29.34
12/18/07,2007,12,18,8,H,heated,control,2,31.5
12/18/07,2007,12,18,13,H,heated,control,1,50.68
12/18/07,2007,12,18,18,H,heated,control,4,23.24
12/18/07,2007,12,18,22,H,heated,control,6,30.02
1/10/08,2008,1,10,2,H,heated,control,3,25.42
1/10/08,2008,1,10,5,H,heated,control,5,20.43
1/10/08,2008,1,10,8,H,heated,control,2,24.75
1/10/08,2008,1,10,13,H,heated,control,1,30.57
1/10/08,2008,1,10,18,H,heated,control,4,16.09
1/10/08,2008,1,10,22,H,heated,control,6,22.7
1/31/08,2008,1,31,2,H,heated,control,3,12.07
1/31/08,2008,1,31,5,H,heated,control,5,14.93
1/31/08,2008,1,31,8,H,heated,control,2,11.62
1/31/08,2008,1,31,13,H,heated,control,1,17
1/31/08,2008,1,31,18,H,heated,control,4,7.94
1/31/08,2008,1,31,22,H,heated,control,6,18.89
2/28/08,2008,2,28,2,H,heated,control,3,17.56
2/28/08,2008,2,28,5,H,heated,control,5,17.2
2/28/08,2008,2,28,8,H,heated,control,2,18.2
2/28/08,2008,2,28,13,H,heated,control,1,31.58
2/28/08,2008,2,28,18,H,heated,control,4,13.06
2/28/08,2008,2,28,22,H,heated,control,6,23.27
3/22/08,2008,3,22,2,H,heated,control,3,14.64
3/22/08,2008,3,22,5,H,heated,control,5,18.29
3/22/08,2008,3,22,8,H,heated,control,2,12.51
3/22/08,2008,3,22,13,H,heated,control,1,9.15
3/22/08,2008,3,22,18,H,heated,control,4,11.54
3/22/08,2008,3,22,22,H,heated,control,6,13.56
4/8/08,2008,4,8,2,H,heated,control,3,17.55
4/8/08,2008,4,8,5,H,heated,control,5,20.47
4/8/08,2008,4,8,8,H,heated,control,2,17.25
4/8/08,2008,4,8,13,H,heated,control,1,20.54
4/8/08,2008,4,8,18,H,heated,control,4,12.42
4/8/08,2008,4,8,22,H,heated,control,6,14.08
4/22/08,2008,4,22,2,H,heated,control,3,46.46
4/22/08,2008,4,22,5,H,heated,control,5,40.91
4/22/08,2008,4,22,8,H,heated,control,2,36.54
4/22/08,2008,4,22,13,H,heated,control,1,31.83
4/22/08,2008,4,22,18,H,heated,control,4,37.75
4/22/08,2008,4,22,22,H,heated,control,6,34.06
5/16/08,2008,5,16,2,H,heated,control,3,71.46
5/16/08,2008,5,16,5,H,heated,control,5,84.36
5/16/08,2008,5,16,8,H,heated,control,2,55.45
5/16/08,2008,5,16,13,H,heated,control,1,79.49
5/16/08,2008,5,16,18,H,heated,control,4,36.02
5/16/08,2008,5,16,22,H,heated,control,6,50.05
6/12/08,2008,6,12,2,H,heated,control,3,149.8
6/12/08,2008,6,12,5,H,heated,control,5,216.65
6/12/08,2008,6,12,8,H,heated,control,2,126.71
6/12/08,2008,6,12,13,H,heated,control,1,218.96
6/12/08,2008,6,12,18,H,heated,control,4,105.59
6/12/08,2008,6,12,22,H,heated,control,6,131.71
6/20/08,2008,6,20,2,H,heated,control,3,136.41
6/20/08,2008,6,20,5,H,heated,control,5,211.99
6/20/08,2008,6,20,8,H,heated,control,2,137.68
6/20/08,2008,6,20,13,H,heated,control,1,216.47
6/20/08,2008,6,20,18,H,heated,control,4,75.18
6/20/08,2008,6,20,22,H,heated,control,6,116.42
7/12/08,2008,7,12,2,H,heated,control,3,173.75
7/12/08,2008,7,12,5,H,heated,control,5,204.45
7/12/08,2008,7,12,8,H,heated,control,2,121.82
7/12/08,2008,7,12,13,H,heated,control,1,197.05
7/12/08,2008,7,12,18,H,heated,control,4,81.74
7/12/08,2008,7,12,22,H,heated,control,6,137.81
7/22/08,2008,7,22,2,H,heated,control,3,395.33
7/22/08,2008,7,22,5,H,heated,control,5,223.13
7/22/08,2008,7,22,8,H,heated,control,2,143.31
7/22/08,2008,7,22,13,H,heated,control,1,277.61
7/22/08,2008,7,22,18,H,heated,control,4,133.7
7/22/08,2008,7,22,22,H,heated,control,6,195.73
8/13/08,2008,8,13,2,H,heated,control,3,201.35
8/13/08,2008,8,13,5,H,heated,control,5,228.48
8/13/08,2008,8,13,8,H,heated,control,2,130.23
8/13/08,2008,8,13,13,H,heated,control,1,207.56
8/13/08,2008,8,13,18,H,heated,control,4,107.2
8/13/08,2008,8,13,22,H,heated,control,6,150.55
8/25/08,2008,8,25,2,H,heated,control,3,204.02
8/25/08,2008,8,25,5,H,heated,control,5,178.4
8/25/08,2008,8,25,8,H,heated,control,2,95.76
8/25/08,2008,8,25,13,H,heated,control,1,168.88
8/25/08,2008,8,25,18,H,heated,control,4,82.86
8/25/08,2008,8,25,22,H,heated,control,6,109.56
9/11/08,2008,9,11,2,H,heated,control,3,142.32
9/11/08,2008,9,11,5,H,heated,control,5,130.25
9/11/08,2008,9,11,8,H,heated,control,2,92.58
9/11/08,2008,9,11,13,H,heated,control,1,153.42
9/11/08,2008,9,11,18,H,heated,control,4,88.43
9/11/08,2008,9,11,22,H,heated,control,6,103.45
9/23/08,2008,9,23,2,H,heated,control,3,129.33
9/23/08,2008,9,23,5,H,heated,control,5,118.06
9/23/08,2008,9,23,8,H,heated,control,2,72.26
9/23/08,2008,9,23,13,H,heated,control,1,121.73
9/23/08,2008,9,23,18,H,heated,control,4,58.24
9/23/08,2008,9,23,22,H,heated,control,6,166.74
10/3/08,2008,10,3,2,H,heated,control,3,121.47
10/3/08,2008,10,3,5,H,heated,control,5,116.52
10/3/08,2008,10,3,8,H,heated,control,2,94.33
10/3/08,2008,10,3,13,H,heated,control,1,105.1
10/3/08,2008,10,3,18,H,heated,control,4,86.45
10/3/08,2008,10,3,22,H,heated,control,6,248.54
10/13/08,2008,10,13,2,H,heated,control,3,101.1
10/13/08,2008,10,13,5,H,heated,control,5,94.13
10/13/08,2008,10,13,8,H,heated,control,2,64.74
10/13/08,2008,10,13,13,H,heated,control,1,73.45
10/13/08,2008,10,13,18,H,heated,control,4,85.15
10/13/08,2008,10,13,22,H,heated,control,6,190.38
12/4/08,2008,12,4,2,H,heated,control,3,33.99
12/4/08,2008,12,4,5,H,heated,control,5,26.45
12/4/08,2008,12,4,8,H,heated,control,2,19.17
12/4/08,2008,12,4,18,H,heated,control,4,11.8
12/4/08,2008,12,4,22,H,heated,control,6,22.59
1/14/09,2009,1,14,2,H,heated,control,3,39.11
1/14/09,2009,1,14,5,H,heated,control,5,29.09
1/14/09,2009,1,14,8,H,heated,control,2,32.6
1/14/09,2009,1,14,13,H,heated,control,1,28.16
1/14/09,2009,1,14,18,H,heated,control,4,22.35
1/14/09,2009,1,14,22,H,heated,control,6,18.94
1/29/09,2009,1,29,2,H,heated,control,3,14
1/29/09,2009,1,29,5,H,heated,control,5,13.86
1/29/09,2009,1,29,8,H,heated,control,2,13.67
1/29/09,2009,1,29,13,H,heated,control,1,28.84
1/29/09,2009,1,29,18,H,heated,control,4,17.68
1/29/09,2009,1,29,22,H,heated,control,6,9.5
2/11/09,2009,2,11,2,H,heated,control,3,38.56
2/11/09,2009,2,11,5,H,heated,control,5,39.04
2/11/09,2009,2,11,8,H,heated,control,2,30.86
2/11/09,2009,2,11,13,H,heated,control,1,37.73
2/11/09,2009,2,11,18,H,heated,control,4,26.26
2/11/09,2009,2,11,22,H,heated,control,6,29.33
2/25/09,2009,2,25,2,H,heated,control,3,39.01
2/25/09,2009,2,25,5,H,heated,control,5,32.02
2/25/09,2009,2,25,8,H,heated,control,2,26.33
2/25/09,2009,2,25,13,H,heated,control,1,37.07
2/25/09,2009,2,25,18,H,heated,control,4,21.25
2/25/09,2009,2,25,22,H,heated,control,6,15.81
3/16/09,2009,3,16,2,H,heated,control,3,37.76
3/16/09,2009,3,16,5,H,heated,control,5,27.6
3/16/09,2009,3,16,8,H,heated,control,2,24
3/16/09,2009,3,16,13,H,heated,control,1,31.65
3/16/09,2009,3,16,18,H,heated,control,4,20.04
3/16/09,2009,3,16,22,H,heated,control,6,13.71
3/25/09,2009,3,25,2,H,heated,control,3,33.91
3/25/09,2009,3,25,5,H,heated,control,5,26.98
3/25/09,2009,3,25,8,H,heated,control,2,21.16
3/25/09,2009,3,25,13,H,heated,control,1,30.81
3/25/09,2009,3,25,18,H,heated,control,4,18.63
3/25/09,2009,3,25,22,H,heated,control,6,11.05
4/27/09,2009,4,27,2,H,heated,control,3,74.25
4/27/09,2009,4,27,5,H,heated,control,5,95.23
4/27/09,2009,4,27,8,H,heated,control,2,31.82
4/27/09,2009,4,27,13,H,heated,control,1,90.43
4/27/09,2009,4,27,18,H,heated,control,4,53.1
4/27/09,2009,4,27,22,H,heated,control,6,41.85
6/5/09,2009,6,5,2,H,heated,control,3,130.17
6/5/09,2009,6,5,5,H,heated,control,5,124.8
6/5/09,2009,6,5,8,H,heated,control,2,92.52
6/5/09,2009,6,5,13,H,heated,control,1,133.85
6/5/09,2009,6,5,22,H,heated,control,6,55.49
6/18/09,2009,6,18,2,H,heated,control,3,180.3
6/18/09,2009,6,18,5,H,heated,control,5,166.55
6/18/09,2009,6,18,8,H,heated,control,2,176.61
6/18/09,2009,6,18,13,H,heated,control,1,191.24
6/18/09,2009,6,18,22,H,heated,control,6,80.31
7/9/09,2009,7,9,2,H,heated,control,3,184.71
7/9/09,2009,7,9,5,H,heated,control,5,169.8
7/9/09,2009,7,9,8,H,heated,control,2,137.45
7/9/09,2009,7,9,13,H,heated,control,1,183.88
7/9/09,2009,7,9,22,H,heated,control,6,90.48
8/18/09,2009,8,18,2,H,heated,control,3,104.92
8/18/09,2009,8,18,5,H,heated,control,5,115.87
8/18/09,2009,8,18,8,H,heated,control,2,104.91
8/18/09,2009,8,18,13,H,heated,control,1,135.4
8/18/09,2009,8,18,22,H,heated,control,6,76.9
9/25/09,2009,9,25,2,H,heated,control,3,55.1
9/25/09,2009,9,25,5,H,heated,control,5,64.93
9/25/09,2009,9,25,8,H,heated,control,2,62.04
9/25/09,2009,9,25,13,H,heated,control,1,65.12
9/25/09,2009,9,25,22,H,heated,control,6,44.61
10/30/09,2009,10,30,2,H,heated,control,3,36.82
10/30/09,2009,10,30,5,H,heated,control,5,93.57
10/30/09,2009,10,30,8,H,heated,control,2,77
10/30/09,2009,10,30,13,H,heated,control,1,100.74
10/30/09,2009,10,30,22,H,heated,control,6,48.94
4/8/10,2010,4,8,2,H,heated,control,3,29.81
4/8/10,2010,4,8,5,H,heated,control,5,83.95
4/8/10,2010,4,8,8,H,heated,control,2,31.71
4/8/10,2010,4,8,13,H,heated,control,1,35.92
4/8/10,2010,4,8,18,H,heated,control,4,21.42
4/8/10,2010,4,8,22,H,heated,control,6,NA
5/18/10,2010,5,18,2,H,heated,control,3,28.36
5/18/10,2010,5,18,5,H,heated,control,5,109.83
5/18/10,2010,5,18,8,H,heated,control,2,81.55
5/18/10,2010,5,18,13,H,heated,control,1,108.01
5/18/10,2010,5,18,18,H,heated,control,4,53.67
5/18/10,2010,5,18,22,H,heated,control,6,NA
6/15/10,2010,6,15,2,H,heated,control,3,82.75
6/15/10,2010,6,15,5,H,heated,control,5,85.4
6/15/10,2010,6,15,8,H,heated,control,2,138.99
6/15/10,2010,6,15,13,H,heated,control,1,63.92
6/15/10,2010,6,15,18,H,heated,control,4,83.9
6/15/10,2010,6,15,22,H,heated,control,6,NA
7/14/10,2010,7,14,2,H,heated,control,3,44.46
7/14/10,2010,7,14,5,H,heated,control,5,79.01
7/14/10,2010,7,14,8,H,heated,control,2,69.14
7/14/10,2010,7,14,13,H,heated,control,1,73.25
7/14/10,2010,7,14,18,H,heated,control,4,66.42
7/14/10,2010,7,14,22,H,heated,control,6,NA
8/19/10,2010,8,19,2,H,heated,control,3,112.08
8/19/10,2010,8,19,5,H,heated,control,5,56.88
8/19/10,2010,8,19,8,H,heated,control,2,117.1
8/19/10,2010,8,19,13,H,heated,control,1,126.08
8/19/10,2010,8,19,18,H,heated,control,4,155.55
8/19/10,2010,8,19,22,H,heated,control,6,NA
9/23/10,2010,9,23,2,H,heated,control,3,88.29
9/23/10,2010,9,23,5,H,heated,control,5,89.02
9/23/10,2010,9,23,8,H,heated,control,2,78.28
9/23/10,2010,9,23,13,H,heated,control,1,94.79
9/23/10,2010,9,23,18,H,heated,control,4,47.72
9/23/10,2010,9,23,22,H,heated,control,6,34.59
10/30/10,2010,10,30,2,H,heated,control,3,20.77
10/30/10,2010,10,30,5,H,heated,control,5,168.28
10/30/10,2010,10,30,8,H,heated,control,2,83.53
10/30/10,2010,10,30,13,H,heated,control,1,116.74
10/30/10,2010,10,30,18,H,heated,control,4,39.9
10/30/10,2010,10,30,22,H,heated,control,6,25.73
5/7/11,2011,5,7,2,H,heated,control,3,104.22
5/7/11,2011,5,7,5,H,heated,control,5,155.68
5/7/11,2011,5,7,8,H,heated,control,2,89.51
5/7/11,2011,5,7,13,H,heated,control,1,106.81
5/7/11,2011,5,7,18,H,heated,control,4,122.81
5/7/11,2011,5,7,22,H,heated,control,6,NA
6/30/11,2011,6,30,2,H,heated,control,3,146.33
6/30/11,2011,6,30,5,H,heated,control,5,168.44
6/30/11,2011,6,30,8,H,heated,control,2,143.09
6/30/11,2011,6,30,13,H,heated,control,1,203.56
6/30/11,2011,6,30,18,H,heated,control,4,122.05
6/30/11,2011,6,30,22,H,heated,control,6,132.42
7/17/11,2011,7,17,2,H,heated,control,3,202.81
7/17/11,2011,7,17,5,H,heated,control,5,407.78
7/17/11,2011,7,17,8,H,heated,control,2,287.13
7/17/11,2011,7,17,13,H,heated,control,1,172.97
7/17/11,2011,7,17,18,H,heated,control,4,212.32
7/17/11,2011,7,17,22,H,heated,control,6,257.73
8/27/11,2011,8,27,2,H,heated,control,3,374.49
8/27/11,2011,8,27,5,H,heated,control,5,385.73
8/27/11,2011,8,27,8,H,heated,control,2,385.3
8/27/11,2011,8,27,13,H,heated,control,1,417.3
8/27/11,2011,8,27,18,H,heated,control,4,270.7
8/27/11,2011,8,27,22,H,heated,control,6,NA
9/30/11,2011,9,30,2,H,heated,control,3,118.05
9/30/11,2011,9,30,5,H,heated,control,5,195.89
9/30/11,2011,9,30,8,H,heated,control,2,156.54
9/30/11,2011,9,30,13,H,heated,control,1,123.24
9/30/11,2011,9,30,18,H,heated,control,4,108.54
9/30/11,2011,9,30,22,H,heated,control,6,NA
5/17/12,2012,5,17,2,H,heated,control,3,40.65
5/17/12,2012,5,17,5,H,heated,control,5,49.73
5/17/12,2012,5,17,8,H,heated,control,2,54.92
5/17/12,2012,5,17,13,H,heated,control,1,32.86
5/17/12,2012,5,17,18,H,heated,control,4,77.84
5/17/12,2012,5,17,22,H,heated,control,6,45.41
6/11/12,2012,6,11,2,H,heated,control,3,94.27
6/11/12,2012,6,11,5,H,heated,control,5,153.08
6/11/12,2012,6,11,8,H,heated,control,2,75.68
6/11/12,2012,6,11,13,H,heated,control,1,102.49
6/11/12,2012,6,11,18,H,heated,control,4,145.73
6/11/12,2012,6,11,22,H,heated,control,6,102.05
7/2/12,2012,7,2,2,H,heated,control,3,116.76
7/2/12,2012,7,2,5,H,heated,control,5,99.89
7/2/12,2012,7,2,8,H,heated,control,2,52.32
7/2/12,2012,7,2,13,H,heated,control,1,107.24
7/2/12,2012,7,2,18,H,heated,control,4,147.46
7/2/12,2012,7,2,22,H,heated,control,6,79.14
8/2/12,2012,8,2,2,H,heated,control,3,236.54
8/2/12,2012,8,2,5,H,heated,control,5,248.65
8/2/12,2012,8,2,8,H,heated,control,2,150.05
8/2/12,2012,8,2,13,H,heated,control,1,239.57
8/2/12,2012,8,2,18,H,heated,control,4,297.08
8/2/12,2012,8,2,22,H,heated,control,6,205.84
9/4/12,2012,9,4,2,H,heated,control,3,124.54
9/4/12,2012,9,4,5,H,heated,control,5,139.24
9/4/12,2012,9,4,8,H,heated,control,2,82.59
9/4/12,2012,9,4,13,H,heated,control,1,86.05
9/4/12,2012,9,4,18,H,heated,control,4,197.19
9/4/12,2012,9,4,22,H,heated,control,6,105.51
9/21/12,2012,9,21,2,H,heated,control,3,88.65
9/21/12,2012,9,21,5,H,heated,control,5,83.89
9/21/12,2012,9,21,8,H,heated,control,2,50.16
9/21/12,2012,9,21,13,H,heated,control,1,62.7
9/21/12,2012,9,21,18,H,heated,control,4,120.65
9/21/12,2012,9,21,22,H,heated,control,6,80
10/8/12,2012,10,8,2,H,heated,control,3,74.81
10/8/12,2012,10,8,5,H,heated,control,5,62.27
10/8/12,2012,10,8,8,H,heated,control,2,53.19
10/8/12,2012,10,8,13,H,heated,control,1,30.27
10/8/12,2012,10,8,18,H,heated,control,4,75.24
10/8/12,2012,10,8,22,H,heated,control,6,56.22
5/15/13,2013,5,15,2,H,heated,control,3,89.86
5/15/13,2013,5,15,5,H,heated,control,5,117.38
5/15/13,2013,5,15,8,H,heated,control,2,109.63
5/15/13,2013,5,15,13,H,heated,control,1,116.34
5/15/13,2013,5,15,18,H,heated,control,4,176.54
6/20/13,2013,6,20,2,H,heated,control,3,255.88
6/20/13,2013,6,20,5,H,heated,control,5,324.85
6/20/13,2013,6,20,8,H,heated,control,2,268.43
6/20/13,2013,6,20,13,H,heated,control,1,254.61
6/20/13,2013,6,20,18,H,heated,control,4,234.11
8/19/13,2013,8,19,2,H,heated,control,3,112.72
8/19/13,2013,8,19,5,H,heated,control,5,155.5
8/19/13,2013,8,19,8,H,heated,control,2,133
8/19/13,2013,8,19,13,H,heated,control,1,173.99
8/19/13,2013,8,19,18,H,heated,control,4,106.8
9/16/13,2013,9,16,2,H,heated,control,3,110.64
9/16/13,2013,9,16,5,H,heated,control,5,161.03
9/16/13,2013,9,16,8,H,heated,control,2,111.3
9/16/13,2013,9,16,13,H,heated,control,1,119.09
9/16/13,2013,9,16,18,H,heated,control,4,113.25
10/18/13,2013,10,18,2,H,heated,control,3,88.68
10/18/13,2013,10,18,5,H,heated,control,5,97.19
10/18/13,2013,10,18,8,H,heated,control,2,75.02
10/18/13,2013,10,18,13,H,heated,control,1,79.47
10/18/13,2013,10,18,18,H,heated,control,4,74.21
7/17/06,2006,7,17,3,HN,heated,N fertilized,6,115.62
7/17/06,2006,7,17,4,HN,heated,N fertilized,3,177.88
7/17/06,2006,7,17,7,HN,heated,N fertilized,5,132.04
7/17/06,2006,7,17,10,HN,heated,N fertilized,1,133.86
7/17/06,2006,7,17,15,HN,heated,N fertilized,2,140.11
7/17/06,2006,7,17,17,HN,heated,N fertilized,4,156.21
8/22/06,2006,8,22,3,HN,heated,N fertilized,6,168.18
8/22/06,2006,8,22,4,HN,heated,N fertilized,3,187.72
8/22/06,2006,8,22,7,HN,heated,N fertilized,5,69.59
8/22/06,2006,8,22,10,HN,heated,N fertilized,1,149.99
8/22/06,2006,8,22,15,HN,heated,N fertilized,2,108.05
8/22/06,2006,8,22,17,HN,heated,N fertilized,4,208.18
9/9/06,2006,9,9,3,HN,heated,N fertilized,6,165.89
9/9/06,2006,9,9,4,HN,heated,N fertilized,3,332.08
9/9/06,2006,9,9,7,HN,heated,N fertilized,5,161.22
9/9/06,2006,9,9,10,HN,heated,N fertilized,1,92.44
9/9/06,2006,9,9,15,HN,heated,N fertilized,2,177.15
9/9/06,2006,9,9,17,HN,heated,N fertilized,4,133.68
10/4/06,2006,10,4,3,HN,heated,N fertilized,6,123.2
10/4/06,2006,10,4,4,HN,heated,N fertilized,3,219.2
10/4/06,2006,10,4,7,HN,heated,N fertilized,5,120.1
10/4/06,2006,10,4,10,HN,heated,N fertilized,1,77.2
10/4/06,2006,10,4,15,HN,heated,N fertilized,2,127.6
10/4/06,2006,10,4,17,HN,heated,N fertilized,4,103.6
10/25/06,2006,10,25,3,HN,heated,N fertilized,6,35.7
10/25/06,2006,10,25,4,HN,heated,N fertilized,3,60.3
10/25/06,2006,10,25,7,HN,heated,N fertilized,5,39.7
10/25/06,2006,10,25,10,HN,heated,N fertilized,1,26.1
10/25/06,2006,10,25,15,HN,heated,N fertilized,2,49.8
10/25/06,2006,10,25,17,HN,heated,N fertilized,4,39.1
11/6/06,2006,11,6,3,HN,heated,N fertilized,6,29.7
11/6/06,2006,11,6,4,HN,heated,N fertilized,3,57.1
11/6/06,2006,11,6,7,HN,heated,N fertilized,5,24.7
11/6/06,2006,11,6,10,HN,heated,N fertilized,1,39.7
11/6/06,2006,11,6,15,HN,heated,N fertilized,2,49.7
11/6/06,2006,11,6,17,HN,heated,N fertilized,4,36.6
5/15/07,2007,5,15,3,HN,heated,N fertilized,6,73.79
5/15/07,2007,5,15,4,HN,heated,N fertilized,3,69.49
5/15/07,2007,5,15,7,HN,heated,N fertilized,5,76.71
5/15/07,2007,5,15,10,HN,heated,N fertilized,1,54.67
5/15/07,2007,5,15,15,HN,heated,N fertilized,2,55.13
5/15/07,2007,5,15,17,HN,heated,N fertilized,4,54.11
5/21/07,2007,5,21,3,HN,heated,N fertilized,6,65.26
5/21/07,2007,5,21,4,HN,heated,N fertilized,3,51.45
5/21/07,2007,5,21,7,HN,heated,N fertilized,5,82.36
5/21/07,2007,5,21,10,HN,heated,N fertilized,1,59.61
5/21/07,2007,5,21,15,HN,heated,N fertilized,2,64.71
5/21/07,2007,5,21,17,HN,heated,N fertilized,4,55.03
6/11/07,2007,6,11,3,HN,heated,N fertilized,6,131.19
6/11/07,2007,6,11,4,HN,heated,N fertilized,3,142.96
6/11/07,2007,6,11,7,HN,heated,N fertilized,5,197.75
6/11/07,2007,6,11,10,HN,heated,N fertilized,1,117.22
6/11/07,2007,6,11,15,HN,heated,N fertilized,2,125
6/27/07,2007,6,27,3,HN,heated,N fertilized,6,209.26
6/27/07,2007,6,27,4,HN,heated,N fertilized,3,181.62
6/27/07,2007,6,27,7,HN,heated,N fertilized,5,164.02
6/27/07,2007,6,27,10,HN,heated,N fertilized,1,133.19
6/27/07,2007,6,27,15,HN,heated,N fertilized,2,132.39
6/27/07,2007,6,27,17,HN,heated,N fertilized,4,103.93
7/9/07,2007,7,9,3,HN,heated,N fertilized,6,216.17
7/9/07,2007,7,9,4,HN,heated,N fertilized,3,175.44
7/9/07,2007,7,9,7,HN,heated,N fertilized,5,159.1
7/9/07,2007,7,9,10,HN,heated,N fertilized,1,155.91
7/9/07,2007,7,9,15,HN,heated,N fertilized,2,157.33
7/9/07,2007,7,9,17,HN,heated,N fertilized,4,120.01
7/23/07,2007,7,23,3,HN,heated,N fertilized,6,143.58
7/23/07,2007,7,23,4,HN,heated,N fertilized,3,198.53
7/23/07,2007,7,23,7,HN,heated,N fertilized,5,149.02
7/23/07,2007,7,23,10,HN,heated,N fertilized,1,147
7/23/07,2007,7,23,15,HN,heated,N fertilized,2,36.3
7/23/07,2007,7,23,17,HN,heated,N fertilized,4,101.45
8/14/07,2007,8,14,3,HN,heated,N fertilized,6,187.06
8/14/07,2007,8,14,4,HN,heated,N fertilized,3,153.51
8/14/07,2007,8,14,7,HN,heated,N fertilized,5,147.63
8/14/07,2007,8,14,10,HN,heated,N fertilized,1,125.77
8/14/07,2007,8,14,15,HN,heated,N fertilized,2,104.72
8/14/07,2007,8,14,17,HN,heated,N fertilized,4,98.31
8/31/07,2007,8,31,3,HN,heated,N fertilized,6,68.12
8/31/07,2007,8,31,4,HN,heated,N fertilized,3,90.4
8/31/07,2007,8,31,7,HN,heated,N fertilized,5,78.04
8/31/07,2007,8,31,10,HN,heated,N fertilized,1,71.01
8/31/07,2007,8,31,15,HN,heated,N fertilized,2,89.36
8/31/07,2007,8,31,17,HN,heated,N fertilized,4,54.94
9/10/07,2007,9,10,3,HN,heated,N fertilized,6,62.93
9/10/07,2007,9,10,4,HN,heated,N fertilized,3,78.5
9/10/07,2007,9,10,7,HN,heated,N fertilized,5,84.85
9/10/07,2007,9,10,10,HN,heated,N fertilized,1,102.64
9/10/07,2007,9,10,15,HN,heated,N fertilized,2,85.31
9/10/07,2007,9,10,17,HN,heated,N fertilized,4,63.73
9/22/07,2007,9,22,3,HN,heated,N fertilized,6,71.16
9/22/07,2007,9,22,4,HN,heated,N fertilized,3,121.3
9/22/07,2007,9,22,7,HN,heated,N fertilized,5,94.72
9/22/07,2007,9,22,10,HN,heated,N fertilized,1,71.63
9/22/07,2007,9,22,15,HN,heated,N fertilized,2,82.44
9/22/07,2007,9,22,17,HN,heated,N fertilized,4,75.02
10/24/07,2007,10,24,3,HN,heated,N fertilized,6,77.73
10/24/07,2007,10,24,4,HN,heated,N fertilized,3,141.92
10/24/07,2007,10,24,7,HN,heated,N fertilized,5,103.64
10/24/07,2007,10,24,10,HN,heated,N fertilized,1,95.51
10/24/07,2007,10,24,15,HN,heated,N fertilized,2,94.08
10/24/07,2007,10,24,17,HN,heated,N fertilized,4,77.77
11/2/07,2007,11,2,3,HN,heated,N fertilized,6,56.48
11/2/07,2007,11,2,4,HN,heated,N fertilized,3,82.34
11/2/07,2007,11,2,7,HN,heated,N fertilized,5,63.05
11/2/07,2007,11,2,10,HN,heated,N fertilized,1,68.13
11/2/07,2007,11,2,15,HN,heated,N fertilized,2,69.3
11/2/07,2007,11,2,17,HN,heated,N fertilized,4,51.63
11/12/07,2007,11,12,3,HN,heated,N fertilized,6,48.24
11/12/07,2007,11,12,4,HN,heated,N fertilized,3,70.14
11/12/07,2007,11,12,7,HN,heated,N fertilized,5,52.43
11/12/07,2007,11,12,10,HN,heated,N fertilized,1,63.23
11/12/07,2007,11,12,15,HN,heated,N fertilized,2,58.55
11/12/07,2007,11,12,17,HN,heated,N fertilized,4,50.39
12/7/07,2007,12,7,3,HN,heated,N fertilized,6,17.57
12/7/07,2007,12,7,4,HN,heated,N fertilized,3,30.14
12/7/07,2007,12,7,7,HN,heated,N fertilized,5,20.5
12/7/07,2007,12,7,10,HN,heated,N fertilized,1,29.16
12/7/07,2007,12,7,15,HN,heated,N fertilized,2,22.54
12/7/07,2007,12,7,17,HN,heated,N fertilized,4,16.64
12/18/07,2007,12,18,3,HN,heated,N fertilized,6,24.36
12/18/07,2007,12,18,4,HN,heated,N fertilized,3,34.94
12/18/07,2007,12,18,7,HN,heated,N fertilized,5,34.28
12/18/07,2007,12,18,10,HN,heated,N fertilized,1,33.35
12/18/07,2007,12,18,15,HN,heated,N fertilized,2,41.26
12/18/07,2007,12,18,17,HN,heated,N fertilized,4,24.37
1/10/08,2008,1,10,3,HN,heated,N fertilized,6,18.14
1/10/08,2008,1,10,4,HN,heated,N fertilized,3,24.67
1/10/08,2008,1,10,7,HN,heated,N fertilized,5,23.88
1/10/08,2008,1,10,10,HN,heated,N fertilized,1,25.34
1/10/08,2008,1,10,15,HN,heated,N fertilized,2,13.49
1/10/08,2008,1,10,17,HN,heated,N fertilized,4,20.19
1/31/08,2008,1,31,3,HN,heated,N fertilized,6,11.05
1/31/08,2008,1,31,4,HN,heated,N fertilized,3,15.93
1/31/08,2008,1,31,7,HN,heated,N fertilized,5,15.25
1/31/08,2008,1,31,10,HN,heated,N fertilized,1,16.31
1/31/08,2008,1,31,17,HN,heated,N fertilized,4,10.06
2/28/08,2008,2,28,3,HN,heated,N fertilized,6,14.66
2/28/08,2008,2,28,4,HN,heated,N fertilized,3,16.16
2/28/08,2008,2,28,7,HN,heated,N fertilized,5,24.93
2/28/08,2008,2,28,10,HN,heated,N fertilized,1,17.6
2/28/08,2008,2,28,15,HN,heated,N fertilized,2,25.58
2/28/08,2008,2,28,17,HN,heated,N fertilized,4,12.92
3/22/08,2008,3,22,3,HN,heated,N fertilized,6,26.5
3/22/08,2008,3,22,4,HN,heated,N fertilized,3,21.03
3/22/08,2008,3,22,7,HN,heated,N fertilized,5,15.52
3/22/08,2008,3,22,10,HN,heated,N fertilized,1,13.65
3/22/08,2008,3,22,15,HN,heated,N fertilized,2,14.56
3/22/08,2008,3,22,17,HN,heated,N fertilized,4,8.29
4/8/08,2008,4,8,3,HN,heated,N fertilized,6,21.97
4/8/08,2008,4,8,4,HN,heated,N fertilized,3,24.16
4/8/08,2008,4,8,7,HN,heated,N fertilized,5,26.4
4/8/08,2008,4,8,10,HN,heated,N fertilized,1,21.35
4/8/08,2008,4,8,15,HN,heated,N fertilized,2,47.38
4/8/08,2008,4,8,17,HN,heated,N fertilized,4,14.64
4/22/08,2008,4,22,3,HN,heated,N fertilized,6,72.45
4/22/08,2008,4,22,4,HN,heated,N fertilized,3,46.59
4/22/08,2008,4,22,7,HN,heated,N fertilized,5,45.73
4/22/08,2008,4,22,10,HN,heated,N fertilized,1,41.93
4/22/08,2008,4,22,15,HN,heated,N fertilized,2,45.88
4/22/08,2008,4,22,17,HN,heated,N fertilized,4,25.35
5/16/08,2008,5,16,3,HN,heated,N fertilized,6,67.27
5/16/08,2008,5,16,4,HN,heated,N fertilized,3,92.51
5/16/08,2008,5,16,7,HN,heated,N fertilized,5,90.49
5/16/08,2008,5,16,10,HN,heated,N fertilized,1,51.34
5/16/08,2008,5,16,15,HN,heated,N fertilized,2,66.09
5/16/08,2008,5,16,17,HN,heated,N fertilized,4,41.2
6/12/08,2008,6,12,3,HN,heated,N fertilized,6,125.29
6/12/08,2008,6,12,4,HN,heated,N fertilized,3,149.56
6/12/08,2008,6,12,7,HN,heated,N fertilized,5,215.08
6/12/08,2008,6,12,10,HN,heated,N fertilized,1,146.22
6/12/08,2008,6,12,15,HN,heated,N fertilized,2,149.45
6/12/08,2008,6,12,17,HN,heated,N fertilized,4,126.59
6/20/08,2008,6,20,3,HN,heated,N fertilized,6,124.02
6/20/08,2008,6,20,4,HN,heated,N fertilized,3,151.4
6/20/08,2008,6,20,7,HN,heated,N fertilized,5,228.39
6/20/08,2008,6,20,10,HN,heated,N fertilized,1,134.31
6/20/08,2008,6,20,15,HN,heated,N fertilized,2,116.83
6/20/08,2008,6,20,17,HN,heated,N fertilized,4,100.03
7/12/08,2008,7,12,3,HN,heated,N fertilized,6,142.97
7/12/08,2008,7,12,4,HN,heated,N fertilized,3,187.02
7/12/08,2008,7,12,7,HN,heated,N fertilized,5,228.95
7/12/08,2008,7,12,10,HN,heated,N fertilized,1,131.04
7/12/08,2008,7,12,15,HN,heated,N fertilized,2,104.46
7/12/08,2008,7,12,17,HN,heated,N fertilized,4,101.39
7/22/08,2008,7,22,3,HN,heated,N fertilized,6,173.42
7/22/08,2008,7,22,4,HN,heated,N fertilized,3,219.25
7/22/08,2008,7,22,7,HN,heated,N fertilized,5,282.55
7/22/08,2008,7,22,10,HN,heated,N fertilized,1,175.83
7/22/08,2008,7,22,15,HN,heated,N fertilized,2,180.32
7/22/08,2008,7,22,17,HN,heated,N fertilized,4,152.8
8/13/08,2008,8,13,3,HN,heated,N fertilized,6,163.48
8/13/08,2008,8,13,4,HN,heated,N fertilized,3,223.61
8/13/08,2008,8,13,7,HN,heated,N fertilized,5,245.77
8/13/08,2008,8,13,10,HN,heated,N fertilized,1,175.1
8/13/08,2008,8,13,15,HN,heated,N fertilized,2,163.01
8/13/08,2008,8,13,17,HN,heated,N fertilized,4,132.55
8/25/08,2008,8,25,3,HN,heated,N fertilized,6,133.74
8/25/08,2008,8,25,4,HN,heated,N fertilized,3,167.49
8/25/08,2008,8,25,7,HN,heated,N fertilized,5,222.84
8/25/08,2008,8,25,10,HN,heated,N fertilized,1,125.3
8/25/08,2008,8,25,15,HN,heated,N fertilized,2,123.65
8/25/08,2008,8,25,17,HN,heated,N fertilized,4,125.4
9/11/08,2008,9,11,3,HN,heated,N fertilized,6,104.77
9/11/08,2008,9,11,4,HN,heated,N fertilized,3,174.18
9/11/08,2008,9,11,7,HN,heated,N fertilized,5,181.58
9/11/08,2008,9,11,10,HN,heated,N fertilized,1,109.32
9/11/08,2008,9,11,15,HN,heated,N fertilized,2,117.45
9/11/08,2008,9,11,17,HN,heated,N fertilized,4,84.21
9/23/08,2008,9,23,3,HN,heated,N fertilized,6,92.61
9/23/08,2008,9,23,4,HN,heated,N fertilized,3,132.9
9/23/08,2008,9,23,7,HN,heated,N fertilized,5,166.89
9/23/08,2008,9,23,10,HN,heated,N fertilized,1,94.84
9/23/08,2008,9,23,15,HN,heated,N fertilized,2,74.79
9/23/08,2008,9,23,17,HN,heated,N fertilized,4,64.17
10/3/08,2008,10,3,3,HN,heated,N fertilized,6,123.01
10/3/08,2008,10,3,4,HN,heated,N fertilized,3,131.58
10/3/08,2008,10,3,7,HN,heated,N fertilized,5,143.29
10/3/08,2008,10,3,10,HN,heated,N fertilized,1,115.3
10/3/08,2008,10,3,15,HN,heated,N fertilized,2,85.59
10/3/08,2008,10,3,17,HN,heated,N fertilized,4,68.08
10/13/08,2008,10,13,3,HN,heated,N fertilized,6,147.12
10/13/08,2008,10,13,4,HN,heated,N fertilized,3,111.54
10/13/08,2008,10,13,7,HN,heated,N fertilized,5,134.31
10/13/08,2008,10,13,10,HN,heated,N fertilized,1,97.16
10/13/08,2008,10,13,15,HN,heated,N fertilized,2,83.21
10/13/08,2008,10,13,17,HN,heated,N fertilized,4,57.31
12/4/08,2008,12,4,3,HN,heated,N fertilized,6,19.02
12/4/08,2008,12,4,4,HN,heated,N fertilized,3,34.59
12/4/08,2008,12,4,7,HN,heated,N fertilized,5,30.38
12/4/08,2008,12,4,10,HN,heated,N fertilized,1,24.65
12/4/08,2008,12,4,15,HN,heated,N fertilized,2,16.81
12/4/08,2008,12,4,17,HN,heated,N fertilized,4,14.57
1/14/09,2009,1,14,3,HN,heated,N fertilized,6,20.34
1/14/09,2009,1,14,4,HN,heated,N fertilized,3,50.34
1/14/09,2009,1,14,7,HN,heated,N fertilized,5,29.42
1/14/09,2009,1,14,10,HN,heated,N fertilized,1,24.2
1/14/09,2009,1,14,15,HN,heated,N fertilized,2,22.19
1/14/09,2009,1,14,17,HN,heated,N fertilized,4,21.23
1/29/09,2009,1,29,3,HN,heated,N fertilized,6,13.03
1/29/09,2009,1,29,4,HN,heated,N fertilized,3,16.69
1/29/09,2009,1,29,7,HN,heated,N fertilized,5,19.54
1/29/09,2009,1,29,10,HN,heated,N fertilized,1,17.53
1/29/09,2009,1,29,15,HN,heated,N fertilized,2,21.87
1/29/09,2009,1,29,17,HN,heated,N fertilized,4,15.25
2/11/09,2009,2,11,3,HN,heated,N fertilized,6,26.68
2/11/09,2009,2,11,4,HN,heated,N fertilized,3,35.67
2/11/09,2009,2,11,7,HN,heated,N fertilized,5,44.36
2/11/09,2009,2,11,10,HN,heated,N fertilized,1,32.94
2/11/09,2009,2,11,15,HN,heated,N fertilized,2,48.14
2/11/09,2009,2,11,17,HN,heated,N fertilized,4,25.2
2/25/09,2009,2,25,3,HN,heated,N fertilized,6,18.11
2/25/09,2009,2,25,4,HN,heated,N fertilized,3,30.77
2/25/09,2009,2,25,7,HN,heated,N fertilized,5,33.4
2/25/09,2009,2,25,10,HN,heated,N fertilized,1,31.16
2/25/09,2009,2,25,15,HN,heated,N fertilized,2,33.49
2/25/09,2009,2,25,17,HN,heated,N fertilized,4,24.49
3/16/09,2009,3,16,3,HN,heated,N fertilized,6,25.97
3/16/09,2009,3,16,4,HN,heated,N fertilized,3,30.45
3/16/09,2009,3,16,7,HN,heated,N fertilized,5,37.91
3/16/09,2009,3,16,10,HN,heated,N fertilized,1,30.13
3/16/09,2009,3,16,15,HN,heated,N fertilized,2,23.73
3/16/09,2009,3,16,17,HN,heated,N fertilized,4,19.44
3/25/09,2009,3,25,3,HN,heated,N fertilized,6,19.8
3/25/09,2009,3,25,4,HN,heated,N fertilized,3,27.97
3/25/09,2009,3,25,7,HN,heated,N fertilized,5,31.46
3/25/09,2009,3,25,10,HN,heated,N fertilized,1,29.91
3/25/09,2009,3,25,15,HN,heated,N fertilized,2,31.22
3/25/09,2009,3,25,17,HN,heated,N fertilized,4,16.52
4/27/09,2009,4,27,3,HN,heated,N fertilized,6,73.62
4/27/09,2009,4,27,4,HN,heated,N fertilized,3,86.13
4/27/09,2009,4,27,7,HN,heated,N fertilized,5,130.31
4/27/09,2009,4,27,10,HN,heated,N fertilized,1,69.5
4/27/09,2009,4,27,15,HN,heated,N fertilized,2,95.68
4/27/09,2009,4,27,17,HN,heated,N fertilized,4,54.87
6/5/09,2009,6,5,3,HN,heated,N fertilized,6,105.55
6/5/09,2009,6,5,4,HN,heated,N fertilized,3,131.54
6/5/09,2009,6,5,7,HN,heated,N fertilized,5,136.95
6/5/09,2009,6,5,10,HN,heated,N fertilized,1,67.25
6/5/09,2009,6,5,15,HN,heated,N fertilized,2,130.07
6/5/09,2009,6,5,17,HN,heated,N fertilized,4,75.8
6/18/09,2009,6,18,3,HN,heated,N fertilized,6,134.45
6/18/09,2009,6,18,4,HN,heated,N fertilized,3,156.63
6/18/09,2009,6,18,7,HN,heated,N fertilized,5,187.16
6/18/09,2009,6,18,10,HN,heated,N fertilized,1,89.98
6/18/09,2009,6,18,15,HN,heated,N fertilized,2,115.49
6/18/09,2009,6,18,17,HN,heated,N fertilized,4,101.92
7/9/09,2009,7,9,3,HN,heated,N fertilized,6,149.08
7/9/09,2009,7,9,4,HN,heated,N fertilized,3,157.72
7/9/09,2009,7,9,7,HN,heated,N fertilized,5,221.11
7/9/09,2009,7,9,10,HN,heated,N fertilized,1,118.36
7/9/09,2009,7,9,15,HN,heated,N fertilized,2,148.18
7/9/09,2009,7,9,17,HN,heated,N fertilized,4,96.74
8/18/09,2009,8,18,3,HN,heated,N fertilized,6,86.11
8/18/09,2009,8,18,4,HN,heated,N fertilized,3,124.11
8/18/09,2009,8,18,7,HN,heated,N fertilized,5,128.19
8/18/09,2009,8,18,10,HN,heated,N fertilized,1,95.35
8/18/09,2009,8,18,15,HN,heated,N fertilized,2,103.17
8/18/09,2009,8,18,17,HN,heated,N fertilized,4,83.71
9/25/09,2009,9,25,3,HN,heated,N fertilized,6,49.11
9/25/09,2009,9,25,4,HN,heated,N fertilized,3,73.69
9/25/09,2009,9,25,7,HN,heated,N fertilized,5,76.28
9/25/09,2009,9,25,10,HN,heated,N fertilized,1,59.55
9/25/09,2009,9,25,15,HN,heated,N fertilized,2,55.11
9/25/09,2009,9,25,17,HN,heated,N fertilized,4,59.84
10/30/09,2009,10,30,3,HN,heated,N fertilized,6,69.03
10/30/09,2009,10,30,4,HN,heated,N fertilized,3,79.33
10/30/09,2009,10,30,7,HN,heated,N fertilized,5,119.03
10/30/09,2009,10,30,10,HN,heated,N fertilized,1,64.96
10/30/09,2009,10,30,15,HN,heated,N fertilized,2,82.6
10/30/09,2009,10,30,17,HN,heated,N fertilized,4,66.1
4/8/10,2010,4,8,3,HN,heated,N fertilized,6,63.49
4/8/10,2010,4,8,4,HN,heated,N fertilized,3,42.22
4/8/10,2010,4,8,7,HN,heated,N fertilized,5,97.77
4/8/10,2010,4,8,10,HN,heated,N fertilized,1,32.58
4/8/10,2010,4,8,15,HN,heated,N fertilized,2,27.96
4/8/10,2010,4,8,17,HN,heated,N fertilized,4,29.46
5/18/10,2010,5,18,3,HN,heated,N fertilized,6,73.12
5/18/10,2010,5,18,4,HN,heated,N fertilized,3,92.99
5/18/10,2010,5,18,7,HN,heated,N fertilized,5,165.29
5/18/10,2010,5,18,10,HN,heated,N fertilized,1,80.66
5/18/10,2010,5,18,15,HN,heated,N fertilized,2,NA
5/18/10,2010,5,18,17,HN,heated,N fertilized,4,54.56
6/15/10,2010,6,15,3,HN,heated,N fertilized,6,102.84
6/15/10,2010,6,15,4,HN,heated,N fertilized,3,148.77
6/15/10,2010,6,15,7,HN,heated,N fertilized,5,113.86
6/15/10,2010,6,15,10,HN,heated,N fertilized,1,51.41
6/15/10,2010,6,15,15,HN,heated,N fertilized,2,65.35
6/15/10,2010,6,15,17,HN,heated,N fertilized,4,103.4
7/14/10,2010,7,14,3,HN,heated,N fertilized,6,157.5
7/14/10,2010,7,14,4,HN,heated,N fertilized,3,116.08
7/14/10,2010,7,14,7,HN,heated,N fertilized,5,145.83
7/14/10,2010,7,14,10,HN,heated,N fertilized,1,70.83
7/14/10,2010,7,14,15,HN,heated,N fertilized,2,80.15
7/14/10,2010,7,14,17,HN,heated,N fertilized,4,79.68
8/19/10,2010,8,19,3,HN,heated,N fertilized,6,83.9
8/19/10,2010,8,19,4,HN,heated,N fertilized,3,135.29
8/19/10,2010,8,19,7,HN,heated,N fertilized,5,153.03
8/19/10,2010,8,19,10,HN,heated,N fertilized,1,87.6
8/19/10,2010,8,19,15,HN,heated,N fertilized,2,57.42
8/19/10,2010,8,19,17,HN,heated,N fertilized,4,85.5
9/23/10,2010,9,23,3,HN,heated,N fertilized,6,66.88
9/23/10,2010,9,23,4,HN,heated,N fertilized,3,134.5
9/23/10,2010,9,23,7,HN,heated,N fertilized,5,196.35
9/23/10,2010,9,23,10,HN,heated,N fertilized,1,72.13
9/23/10,2010,9,23,15,HN,heated,N fertilized,2,53.92
9/23/10,2010,9,23,17,HN,heated,N fertilized,4,67.46
10/30/10,2010,10,30,3,HN,heated,N fertilized,6,37.71
10/30/10,2010,10,30,4,HN,heated,N fertilized,3,60.57
10/30/10,2010,10,30,7,HN,heated,N fertilized,5,117.64
10/30/10,2010,10,30,10,HN,heated,N fertilized,1,20.75
10/30/10,2010,10,30,15,HN,heated,N fertilized,2,53.09
10/30/10,2010,10,30,17,HN,heated,N fertilized,4,34.08
5/7/11,2011,5,7,3,HN,heated,N fertilized,6,288
5/7/11,2011,5,7,4,HN,heated,N fertilized,3,217.51
5/7/11,2011,5,7,7,HN,heated,N fertilized,5,95.14
5/7/11,2011,5,7,10,HN,heated,N fertilized,1,102.05
5/7/11,2011,5,7,15,HN,heated,N fertilized,2,188.54
5/7/11,2011,5,7,17,HN,heated,N fertilized,4,103.78
6/30/11,2011,6,30,3,HN,heated,N fertilized,6,139.87
6/30/11,2011,6,30,4,HN,heated,N fertilized,3,146.34
6/30/11,2011,6,30,7,HN,heated,N fertilized,5,246.14
6/30/11,2011,6,30,10,HN,heated,N fertilized,1,128.4
6/30/11,2011,6,30,15,HN,heated,N fertilized,2,163.64
6/30/11,2011,6,30,17,HN,heated,N fertilized,4,116.15
7/17/11,2011,7,17,3,HN,heated,N fertilized,6,424.65
7/17/11,2011,7,17,4,HN,heated,N fertilized,3,268.97
7/17/11,2011,7,17,7,HN,heated,N fertilized,5,149.62
7/17/11,2011,7,17,10,HN,heated,N fertilized,1,217.08
7/17/11,2011,7,17,15,HN,heated,N fertilized,2,281.08
7/17/11,2011,7,17,17,HN,heated,N fertilized,4,308.32
8/27/11,2011,8,27,3,HN,heated,N fertilized,6,404.32
8/27/11,2011,8,27,4,HN,heated,N fertilized,3,482.59
8/27/11,2011,8,27,7,HN,heated,N fertilized,5,310.49
8/27/11,2011,8,27,10,HN,heated,N fertilized,1,424.22
8/27/11,2011,8,27,15,HN,heated,N fertilized,2,448
8/27/11,2011,8,27,17,HN,heated,N fertilized,4,359.35
9/30/11,2011,9,30,3,HN,heated,N fertilized,6,231.78
9/30/11,2011,9,30,4,HN,heated,N fertilized,3,161.3
9/30/11,2011,9,30,7,HN,heated,N fertilized,5,128
9/30/11,2011,9,30,10,HN,heated,N fertilized,1,223.57
9/30/11,2011,9,30,15,HN,heated,N fertilized,2,161.3
9/30/11,2011,9,30,17,HN,heated,N fertilized,4,170.38
5/17/12,2012,5,17,3,HN,heated,N fertilized,6,53.62
5/17/12,2012,5,17,4,HN,heated,N fertilized,3,71.78
5/17/12,2012,5,17,7,HN,heated,N fertilized,5,45.84
5/17/12,2012,5,17,10,HN,heated,N fertilized,1,53.19
5/17/12,2012,5,17,15,HN,heated,N fertilized,2,38.49
5/17/12,2012,5,17,17,HN,heated,N fertilized,4,53.19
6/11/12,2012,6,11,3,HN,heated,N fertilized,6,87.78
6/11/12,2012,6,11,4,HN,heated,N fertilized,3,138.81
6/11/12,2012,6,11,7,HN,heated,N fertilized,5,71.35
6/11/12,2012,6,11,10,HN,heated,N fertilized,1,66.59
6/11/12,2012,6,11,15,HN,heated,N fertilized,2,70.05
6/11/12,2012,6,11,17,HN,heated,N fertilized,4,116.76
7/2/12,2012,7,2,3,HN,heated,N fertilized,6,73.51
7/2/12,2012,7,2,4,HN,heated,N fertilized,3,185.08
7/2/12,2012,7,2,7,HN,heated,N fertilized,5,88.65
7/2/12,2012,7,2,10,HN,heated,N fertilized,1,175.57
7/2/12,2012,7,2,15,HN,heated,N fertilized,2,102.49
7/2/12,2012,7,2,17,HN,heated,N fertilized,4,131.46
8/2/12,2012,8,2,3,HN,heated,N fertilized,6,188.11
8/2/12,2012,8,2,4,HN,heated,N fertilized,3,372.76
8/2/12,2012,8,2,7,HN,heated,N fertilized,5,174.27
8/2/12,2012,8,2,10,HN,heated,N fertilized,1,490.81
8/2/12,2012,8,2,15,HN,heated,N fertilized,2,252.54
8/2/12,2012,8,2,17,HN,heated,N fertilized,4,297.95
9/4/12,2012,9,4,3,HN,heated,N fertilized,6,81.3
9/4/12,2012,9,4,4,HN,heated,N fertilized,3,152.65
9/4/12,2012,9,4,7,HN,heated,N fertilized,5,75.24
9/4/12,2012,9,4,10,HN,heated,N fertilized,1,141.84
9/4/12,2012,9,4,15,HN,heated,N fertilized,2,79.14
9/4/12,2012,9,4,17,HN,heated,N fertilized,4,124.54
9/21/12,2012,9,21,3,HN,heated,N fertilized,6,54.49
9/21/12,2012,9,21,4,HN,heated,N fertilized,3,63.57
9/21/12,2012,9,21,7,HN,heated,N fertilized,5,80
9/21/12,2012,9,21,10,HN,heated,N fertilized,1,130.59
9/21/12,2012,9,21,15,HN,heated,N fertilized,2,87.35
9/21/12,2012,9,21,17,HN,heated,N fertilized,4,107.24
10/8/12,2012,10,8,3,HN,heated,N fertilized,6,29.41
10/8/12,2012,10,8,4,HN,heated,N fertilized,3,51.46
10/8/12,2012,10,8,7,HN,heated,N fertilized,5,69.62
10/8/12,2012,10,8,10,HN,heated,N fertilized,1,83.46
10/8/12,2012,10,8,15,HN,heated,N fertilized,2,52.76
10/8/12,2012,10,8,17,HN,heated,N fertilized,4,80.43
5/15/13,2013,5,15,3,HN,heated,N fertilized,6,321.72
5/15/13,2013,5,15,4,HN,heated,N fertilized,3,151.75
5/15/13,2013,5,15,7,HN,heated,N fertilized,5,120.15
5/15/13,2013,5,15,10,HN,heated,N fertilized,1,135.79
5/15/13,2013,5,15,15,HN,heated,N fertilized,2,156.98
5/15/13,2013,5,15,17,HN,heated,N fertilized,4,180.67
6/20/13,2013,6,20,3,HN,heated,N fertilized,6,306.27
6/20/13,2013,6,20,4,HN,heated,N fertilized,3,291.16
6/20/13,2013,6,20,7,HN,heated,N fertilized,5,199.16
6/20/13,2013,6,20,10,HN,heated,N fertilized,1,298.17
6/20/13,2013,6,20,15,HN,heated,N fertilized,2,393.77
6/20/13,2013,6,20,17,HN,heated,N fertilized,4,329.75
8/19/13,2013,8,19,3,HN,heated,N fertilized,6,127.87
8/19/13,2013,8,19,4,HN,heated,N fertilized,3,105.11
8/19/13,2013,8,19,7,HN,heated,N fertilized,5,95.91
8/19/13,2013,8,19,10,HN,heated,N fertilized,1,136.79
8/19/13,2013,8,19,15,HN,heated,N fertilized,2,128.3
8/19/13,2013,8,19,17,HN,heated,N fertilized,4,118.49
9/16/13,2013,9,16,3,HN,heated,N fertilized,6,105.55
9/16/13,2013,9,16,4,HN,heated,N fertilized,3,118.68
9/16/13,2013,9,16,7,HN,heated,N fertilized,5,83.18
9/16/13,2013,9,16,10,HN,heated,N fertilized,1,165.92
9/16/13,2013,9,16,15,HN,heated,N fertilized,2,231.51
9/16/13,2013,9,16,17,HN,heated,N fertilized,4,121.69
10/18/13,2013,10,18,3,HN,heated,N fertilized,6,73.52
10/18/13,2013,10,18,4,HN,heated,N fertilized,3,112.99
10/18/13,2013,10,18,7,HN,heated,N fertilized,5,63.81
10/18/13,2013,10,18,10,HN,heated,N fertilized,1,98.58
10/18/13,2013,10,18,15,HN,heated,N fertilized,2,98.57
10/18/13,2013,10,18,17,HN,heated,N fertilized,4,85.94
7/17/06,2006,7,17,6,N,control,N fertilized,1,113.9
7/17/06,2006,7,17,11,N,control,N fertilized,4,115.17
7/17/06,2006,7,17,16,N,control,N fertilized,2,155.37
7/17/06,2006,7,17,21,N,control,N fertilized,3,108.71
7/17/06,2006,7,17,23,N,control,N fertilized,6,104.89
8/22/06,2006,8,22,6,N,control,N fertilized,1,150.28
8/22/06,2006,8,22,9,N,control,N fertilized,5,106.26
8/22/06,2006,8,22,11,N,control,N fertilized,4,85.36
8/22/06,2006,8,22,16,N,control,N fertilized,2,98.73
8/22/06,2006,8,22,21,N,control,N fertilized,3,80.56
8/22/06,2006,8,22,23,N,control,N fertilized,6,152.87
9/9/06,2006,9,9,6,N,control,N fertilized,1,86.08
9/9/06,2006,9,9,9,N,control,N fertilized,5,155.72
9/9/06,2006,9,9,11,N,control,N fertilized,4,145.33
9/9/06,2006,9,9,16,N,control,N fertilized,2,149.8
9/9/06,2006,9,9,21,N,control,N fertilized,3,111.77
9/9/06,2006,9,9,23,N,control,N fertilized,6,87.05
10/4/06,2006,10,4,6,N,control,N fertilized,1,78
10/4/06,2006,10,4,9,N,control,N fertilized,5,150
10/4/06,2006,10,4,11,N,control,N fertilized,4,107.1
10/4/06,2006,10,4,16,N,control,N fertilized,2,107.2
10/4/06,2006,10,4,21,N,control,N fertilized,3,73.8
10/4/06,2006,10,4,23,N,control,N fertilized,6,92.4
10/25/06,2006,10,25,6,N,control,N fertilized,1,30.6
10/25/06,2006,10,25,9,N,control,N fertilized,5,129.9
10/25/06,2006,10,25,11,N,control,N fertilized,4,32.5
10/25/06,2006,10,25,16,N,control,N fertilized,2,30.6
10/25/06,2006,10,25,21,N,control,N fertilized,3,18.5
10/25/06,2006,10,25,23,N,control,N fertilized,6,29.4
11/6/06,2006,11,6,6,N,control,N fertilized,1,19
11/6/06,2006,11,6,9,N,control,N fertilized,5,39.2
11/6/06,2006,11,6,11,N,control,N fertilized,4,30.1
11/6/06,2006,11,6,16,N,control,N fertilized,2,20.9
11/6/06,2006,11,6,21,N,control,N fertilized,3,24.6
11/6/06,2006,11,6,23,N,control,N fertilized,6,35.3
5/15/07,2007,5,15,6,N,control,N fertilized,1,27.89
5/15/07,2007,5,15,9,N,control,N fertilized,5,42.59
5/15/07,2007,5,15,11,N,control,N fertilized,4,47.22
5/15/07,2007,5,15,16,N,control,N fertilized,2,33.41
5/15/07,2007,5,15,21,N,control,N fertilized,3,25.03
5/15/07,2007,5,15,23,N,control,N fertilized,6,33.14
5/21/07,2007,5,21,6,N,control,N fertilized,1,39.53
5/21/07,2007,5,21,9,N,control,N fertilized,5,45.53
5/21/07,2007,5,21,11,N,control,N fertilized,4,62.33
5/21/07,2007,5,21,16,N,control,N fertilized,2,42.91
5/21/07,2007,5,21,21,N,control,N fertilized,3,38.57
5/21/07,2007,5,21,23,N,control,N fertilized,6,46.14
6/11/07,2007,6,11,6,N,control,N fertilized,1,78.59
6/11/07,2007,6,11,9,N,control,N fertilized,5,112.59
6/11/07,2007,6,11,11,N,control,N fertilized,4,104.76
6/11/07,2007,6,11,16,N,control,N fertilized,2,92.17
6/11/07,2007,6,11,21,N,control,N fertilized,3,88.92
6/11/07,2007,6,11,23,N,control,N fertilized,6,75.96
6/27/07,2007,6,27,6,N,control,N fertilized,1,98.78
6/27/07,2007,6,27,9,N,control,N fertilized,5,134.77
6/27/07,2007,6,27,11,N,control,N fertilized,4,109.84
6/27/07,2007,6,27,16,N,control,N fertilized,2,117.77
6/27/07,2007,6,27,21,N,control,N fertilized,3,101.43
6/27/07,2007,6,27,23,N,control,N fertilized,6,76.92
7/9/07,2007,7,9,6,N,control,N fertilized,1,114.3
7/9/07,2007,7,9,9,N,control,N fertilized,5,135.57
7/9/07,2007,7,9,11,N,control,N fertilized,4,145.33
7/9/07,2007,7,9,16,N,control,N fertilized,2,140.75
7/9/07,2007,7,9,21,N,control,N fertilized,3,144.85
7/9/07,2007,7,9,23,N,control,N fertilized,6,128.51
7/23/07,2007,7,23,6,N,control,N fertilized,1,114.77
7/23/07,2007,7,23,9,N,control,N fertilized,5,127.28
7/23/07,2007,7,23,11,N,control,N fertilized,4,140.2
7/23/07,2007,7,23,16,N,control,N fertilized,2,164.17
7/23/07,2007,7,23,21,N,control,N fertilized,3,132.48
7/23/07,2007,7,23,23,N,control,N fertilized,6,106.8
8/14/07,2007,8,14,6,N,control,N fertilized,1,109.67
8/14/07,2007,8,14,9,N,control,N fertilized,5,116.86
8/14/07,2007,8,14,11,N,control,N fertilized,4,103.16
8/14/07,2007,8,14,16,N,control,N fertilized,2,145.85
8/14/07,2007,8,14,21,N,control,N fertilized,3,106.48
8/14/07,2007,8,14,23,N,control,N fertilized,6,102.8
8/31/07,2007,8,31,6,N,control,N fertilized,1,73.45
8/31/07,2007,8,31,9,N,control,N fertilized,5,77.34
8/31/07,2007,8,31,11,N,control,N fertilized,4,55.32
8/31/07,2007,8,31,16,N,control,N fertilized,2,79.28
8/31/07,2007,8,31,21,N,control,N fertilized,3,61.31
8/31/07,2007,8,31,23,N,control,N fertilized,6,58.69
9/10/07,2007,9,10,6,N,control,N fertilized,1,86.44
9/10/07,2007,9,10,9,N,control,N fertilized,5,68.36
9/10/07,2007,9,10,11,N,control,N fertilized,4,90.06
9/10/07,2007,9,10,16,N,control,N fertilized,2,117.04
9/10/07,2007,9,10,21,N,control,N fertilized,3,132.09
9/10/07,2007,9,10,23,N,control,N fertilized,6,47.58
9/22/07,2007,9,22,6,N,control,N fertilized,1,80.67
9/22/07,2007,9,22,9,N,control,N fertilized,5,80.43
9/22/07,2007,9,22,11,N,control,N fertilized,4,71.54
9/22/07,2007,9,22,16,N,control,N fertilized,2,86.19
9/22/07,2007,9,22,21,N,control,N fertilized,3,67.08
9/22/07,2007,9,22,23,N,control,N fertilized,6,70.47
10/24/07,2007,10,24,6,N,control,N fertilized,1,69.11
10/24/07,2007,10,24,9,N,control,N fertilized,5,93.94
10/24/07,2007,10,24,11,N,control,N fertilized,4,90.75
10/24/07,2007,10,24,16,N,control,N fertilized,2,80.48
10/24/07,2007,10,24,21,N,control,N fertilized,3,66.06
10/24/07,2007,10,24,23,N,control,N fertilized,6,74.69
11/2/07,2007,11,2,6,N,control,N fertilized,1,45.52
11/2/07,2007,11,2,9,N,control,N fertilized,5,54.76
11/2/07,2007,11,2,11,N,control,N fertilized,4,45.36
11/2/07,2007,11,2,16,N,control,N fertilized,2,51.1
11/2/07,2007,11,2,21,N,control,N fertilized,3,37.35
11/2/07,2007,11,2,23,N,control,N fertilized,6,60.16
11/12/07,2007,11,12,6,N,control,N fertilized,1,43.64
11/12/07,2007,11,12,9,N,control,N fertilized,5,50.14
11/12/07,2007,11,12,11,N,control,N fertilized,4,51.41
11/12/07,2007,11,12,16,N,control,N fertilized,2,52.74
11/12/07,2007,11,12,21,N,control,N fertilized,3,37.87
11/12/07,2007,11,12,23,N,control,N fertilized,6,47.6
12/7/07,2007,12,7,6,N,control,N fertilized,1,7.28
12/7/07,2007,12,7,9,N,control,N fertilized,5,14.97
12/7/07,2007,12,7,11,N,control,N fertilized,4,10.96
12/7/07,2007,12,7,16,N,control,N fertilized,2,6.86
12/7/07,2007,12,7,21,N,control,N fertilized,3,8.87
12/7/07,2007,12,7,23,N,control,N fertilized,6,12.91
12/18/07,2007,12,18,6,N,control,N fertilized,1,22.96
12/18/07,2007,12,18,9,N,control,N fertilized,5,24.55
12/18/07,2007,12,18,16,N,control,N fertilized,2,28.86
1/10/08,2008,1,10,6,N,control,N fertilized,1,26.84
1/10/08,2008,1,10,9,N,control,N fertilized,5,23.4
1/10/08,2008,1,10,11,N,control,N fertilized,4,25.25
1/10/08,2008,1,10,16,N,control,N fertilized,2,19.09
1/10/08,2008,1,10,21,N,control,N fertilized,3,16.36
1/10/08,2008,1,10,23,N,control,N fertilized,6,23.18
1/31/08,2008,1,31,6,N,control,N fertilized,1,14.59
1/31/08,2008,1,31,9,N,control,N fertilized,5,12.84
1/31/08,2008,1,31,11,N,control,N fertilized,4,13.58
1/31/08,2008,1,31,16,N,control,N fertilized,2,24.55
1/31/08,2008,1,31,21,N,control,N fertilized,3,14.62
1/31/08,2008,1,31,23,N,control,N fertilized,6,13.19
2/28/08,2008,2,28,6,N,control,N fertilized,1,19.39
2/28/08,2008,2,28,9,N,control,N fertilized,5,23.49
2/28/08,2008,2,28,11,N,control,N fertilized,4,16.48
2/28/08,2008,2,28,16,N,control,N fertilized,2,18.24
2/28/08,2008,2,28,21,N,control,N fertilized,3,18.39
3/22/08,2008,3,22,6,N,control,N fertilized,1,11.11
3/22/08,2008,3,22,9,N,control,N fertilized,5,9.06
3/22/08,2008,3,22,11,N,control,N fertilized,4,10.34
3/22/08,2008,3,22,16,N,control,N fertilized,2,12.81
3/22/08,2008,3,22,21,N,control,N fertilized,3,9.72
3/22/08,2008,3,22,23,N,control,N fertilized,6,22.88
4/8/08,2008,4,8,6,N,control,N fertilized,1,12.31
4/8/08,2008,4,8,9,N,control,N fertilized,5,21.71
4/8/08,2008,4,8,11,N,control,N fertilized,4,24.23
4/8/08,2008,4,8,16,N,control,N fertilized,2,18.24
4/8/08,2008,4,8,21,N,control,N fertilized,3,14.61
4/8/08,2008,4,8,23,N,control,N fertilized,6,27.73
4/22/08,2008,4,22,6,N,control,N fertilized,1,25.79
4/22/08,2008,4,22,9,N,control,N fertilized,5,27.87
4/22/08,2008,4,22,11,N,control,N fertilized,4,35.48
4/22/08,2008,4,22,16,N,control,N fertilized,2,21.05
4/22/08,2008,4,22,21,N,control,N fertilized,3,25.08
4/22/08,2008,4,22,23,N,control,N fertilized,6,28.49
5/16/08,2008,5,16,6,N,control,N fertilized,1,35.89
5/16/08,2008,5,16,9,N,control,N fertilized,5,44.19
5/16/08,2008,5,16,11,N,control,N fertilized,4,47.06
5/16/08,2008,5,16,16,N,control,N fertilized,2,36.87
5/16/08,2008,5,16,21,N,control,N fertilized,3,14.24
5/16/08,2008,5,16,23,N,control,N fertilized,6,37.98
6/12/08,2008,6,12,6,N,control,N fertilized,1,126.13
6/12/08,2008,6,12,9,N,control,N fertilized,5,143.95
6/12/08,2008,6,12,11,N,control,N fertilized,4,129.97
6/12/08,2008,6,12,16,N,control,N fertilized,2,143.47
6/12/08,2008,6,12,21,N,control,N fertilized,3,135.5
6/12/08,2008,6,12,23,N,control,N fertilized,6,143.95
6/20/08,2008,6,20,6,N,control,N fertilized,1,95.02
6/20/08,2008,6,20,9,N,control,N fertilized,5,126.89
6/20/08,2008,6,20,11,N,control,N fertilized,4,89.72
6/20/08,2008,6,20,16,N,control,N fertilized,2,115.16
6/20/08,2008,6,20,21,N,control,N fertilized,3,93.69
6/20/08,2008,6,20,23,N,control,N fertilized,6,106.54
7/12/08,2008,7,12,6,N,control,N fertilized,1,133
7/12/08,2008,7,12,9,N,control,N fertilized,5,148.08
7/12/08,2008,7,12,11,N,control,N fertilized,4,141.33
7/12/08,2008,7,12,16,N,control,N fertilized,2,179.32
7/12/08,2008,7,12,21,N,control,N fertilized,3,141.5
7/12/08,2008,7,12,23,N,control,N fertilized,6,116.61
7/22/08,2008,7,22,6,N,control,N fertilized,1,194.16
7/22/08,2008,7,22,9,N,control,N fertilized,5,204.68
7/22/08,2008,7,22,11,N,control,N fertilized,4,167.82
7/22/08,2008,7,22,16,N,control,N fertilized,2,324.51
7/22/08,2008,7,22,21,N,control,N fertilized,3,209.38
7/22/08,2008,7,22,23,N,control,N fertilized,6,184.11
8/13/08,2008,8,13,6,N,control,N fertilized,1,167.85
8/13/08,2008,8,13,9,N,control,N fertilized,5,173.06
8/13/08,2008,8,13,11,N,control,N fertilized,4,151.47
8/13/08,2008,8,13,16,N,control,N fertilized,2,216.03
8/13/08,2008,8,13,21,N,control,N fertilized,3,155.45
8/13/08,2008,8,13,23,N,control,N fertilized,6,148
8/25/08,2008,8,25,6,N,control,N fertilized,1,154
8/25/08,2008,8,25,9,N,control,N fertilized,5,157.19
8/25/08,2008,8,25,11,N,control,N fertilized,4,113.16
8/25/08,2008,8,25,16,N,control,N fertilized,2,161.63
8/25/08,2008,8,25,21,N,control,N fertilized,3,128.36
8/25/08,2008,8,25,23,N,control,N fertilized,6,127.22
9/11/08,2008,9,11,6,N,control,N fertilized,1,119.84
9/11/08,2008,9,11,9,N,control,N fertilized,5,118.59
9/11/08,2008,9,11,11,N,control,N fertilized,4,102.06
9/11/08,2008,9,11,16,N,control,N fertilized,2,116.17
9/11/08,2008,9,11,21,N,control,N fertilized,3,105.22
9/11/08,2008,9,11,23,N,control,N fertilized,6,105.56
9/23/08,2008,9,23,6,N,control,N fertilized,1,79.41
9/23/08,2008,9,23,9,N,control,N fertilized,5,85.73
9/23/08,2008,9,23,11,N,control,N fertilized,4,70.42
9/23/08,2008,9,23,16,N,control,N fertilized,2,80.93
9/23/08,2008,9,23,21,N,control,N fertilized,3,69.54
9/23/08,2008,9,23,23,N,control,N fertilized,6,74.61
10/3/08,2008,10,3,6,N,control,N fertilized,1,81.11
10/3/08,2008,10,3,9,N,control,N fertilized,5,87.6
10/3/08,2008,10,3,11,N,control,N fertilized,4,77.43
10/3/08,2008,10,3,16,N,control,N fertilized,2,85.36
10/3/08,2008,10,3,21,N,control,N fertilized,3,67.85
10/3/08,2008,10,3,23,N,control,N fertilized,6,78.85
10/13/08,2008,10,13,6,N,control,N fertilized,1,72
10/13/08,2008,10,13,9,N,control,N fertilized,5,93.45
10/13/08,2008,10,13,11,N,control,N fertilized,4,68.62
10/13/08,2008,10,13,16,N,control,N fertilized,2,68.69
10/13/08,2008,10,13,21,N,control,N fertilized,3,61.31
10/13/08,2008,10,13,23,N,control,N fertilized,6,77.86
12/4/08,2008,12,4,6,N,control,N fertilized,1,13.9
12/4/08,2008,12,4,9,N,control,N fertilized,5,15.45
12/4/08,2008,12,4,11,N,control,N fertilized,4,13.67
12/4/08,2008,12,4,16,N,control,N fertilized,2,11.94
12/4/08,2008,12,4,21,N,control,N fertilized,3,12.8
12/4/08,2008,12,4,23,N,control,N fertilized,6,12.72
1/14/09,2009,1,14,6,N,control,N fertilized,1,31.2
1/14/09,2009,1,14,9,N,control,N fertilized,5,32.15
1/14/09,2009,1,14,11,N,control,N fertilized,4,26.38
1/14/09,2009,1,14,21,N,control,N fertilized,3,24.89
1/14/09,2009,1,14,23,N,control,N fertilized,6,38.19
1/29/09,2009,1,29,6,N,control,N fertilized,1,19.88
1/29/09,2009,1,29,9,N,control,N fertilized,5,17.84
1/29/09,2009,1,29,11,N,control,N fertilized,4,15.8
1/29/09,2009,1,29,21,N,control,N fertilized,3,18.64
1/29/09,2009,1,29,23,N,control,N fertilized,6,12.51
2/11/09,2009,2,11,6,N,control,N fertilized,1,29.88
2/11/09,2009,2,11,9,N,control,N fertilized,5,36.49
2/11/09,2009,2,11,11,N,control,N fertilized,4,38.55
2/11/09,2009,2,11,21,N,control,N fertilized,3,31.09
2/11/09,2009,2,11,23,N,control,N fertilized,6,21.86
2/25/09,2009,2,25,6,N,control,N fertilized,1,19.59
2/25/09,2009,2,25,9,N,control,N fertilized,5,12.51
2/25/09,2009,2,25,11,N,control,N fertilized,4,23.09
2/25/09,2009,2,25,21,N,control,N fertilized,3,14.35
2/25/09,2009,2,25,23,N,control,N fertilized,6,11.63
3/16/09,2009,3,16,9,N,control,N fertilized,5,8.32
3/16/09,2009,3,16,11,N,control,N fertilized,4,26.88
3/16/09,2009,3,16,21,N,control,N fertilized,3,5.04
3/16/09,2009,3,16,23,N,control,N fertilized,6,2.25
3/25/09,2009,3,25,6,N,control,N fertilized,1,19.77
3/25/09,2009,3,25,9,N,control,N fertilized,5,21.52
3/25/09,2009,3,25,11,N,control,N fertilized,4,18.71
3/25/09,2009,3,25,16,N,control,N fertilized,2,21.2
3/25/09,2009,3,25,21,N,control,N fertilized,3,16.08
3/25/09,2009,3,25,23,N,control,N fertilized,6,25.53
4/27/09,2009,4,27,6,N,control,N fertilized,1,51.95
4/27/09,2009,4,27,9,N,control,N fertilized,5,57.49
4/27/09,2009,4,27,11,N,control,N fertilized,4,49.96
4/27/09,2009,4,27,16,N,control,N fertilized,2,44.59
4/27/09,2009,4,27,21,N,control,N fertilized,3,43.61
4/27/09,2009,4,27,23,N,control,N fertilized,6,45.4
6/5/09,2009,6,5,6,N,control,N fertilized,1,67.91
6/5/09,2009,6,5,9,N,control,N fertilized,5,99.23
6/5/09,2009,6,5,11,N,control,N fertilized,4,62.12
6/5/09,2009,6,5,16,N,control,N fertilized,2,72.69
6/5/09,2009,6,5,18,N,control,N fertilized,4,65.92
6/5/09,2009,6,5,21,N,control,N fertilized,3,75.1
6/5/09,2009,6,5,23,N,control,N fertilized,6,71.7
6/18/09,2009,6,18,6,N,control,N fertilized,1,103.79
6/18/09,2009,6,18,9,N,control,N fertilized,5,138.71
6/18/09,2009,6,18,11,N,control,N fertilized,4,95.59
6/18/09,2009,6,18,18,N,control,N fertilized,4,89.49
6/18/09,2009,6,18,21,N,control,N fertilized,3,121.01
6/18/09,2009,6,18,23,N,control,N fertilized,6,119.89
7/9/09,2009,7,9,6,N,control,N fertilized,1,133.77
7/9/09,2009,7,9,9,N,control,N fertilized,5,161.26
7/9/09,2009,7,9,11,N,control,N fertilized,4,136.26
7/9/09,2009,7,9,16,N,control,N fertilized,2,126.95
7/9/09,2009,7,9,18,N,control,N fertilized,4,102.48
7/9/09,2009,7,9,21,N,control,N fertilized,3,179.9
7/9/09,2009,7,9,23,N,control,N fertilized,6,121.93
8/18/09,2009,8,18,6,N,control,N fertilized,1,110.8
8/18/09,2009,8,18,9,N,control,N fertilized,5,108.1
8/18/09,2009,8,18,11,N,control,N fertilized,4,100.08
8/18/09,2009,8,18,16,N,control,N fertilized,2,105.88
8/18/09,2009,8,18,18,N,control,N fertilized,4,61.8
8/18/09,2009,8,18,21,N,control,N fertilized,3,106.61
8/18/09,2009,8,18,23,N,control,N fertilized,6,90.63
9/25/09,2009,9,25,6,N,control,N fertilized,1,63.47
9/25/09,2009,9,25,9,N,control,N fertilized,5,63.18
9/25/09,2009,9,25,11,N,control,N fertilized,4,55.67
9/25/09,2009,9,25,16,N,control,N fertilized,2,57.78
9/25/09,2009,9,25,18,N,control,N fertilized,4,40.89
9/25/09,2009,9,25,21,N,control,N fertilized,3,57.88
9/25/09,2009,9,25,23,N,control,N fertilized,6,59.42
10/30/09,2009,10,30,6,N,control,N fertilized,1,78.22
10/30/09,2009,10,30,9,N,control,N fertilized,5,81.71
10/30/09,2009,10,30,11,N,control,N fertilized,4,71.95
10/30/09,2009,10,30,16,N,control,N fertilized,2,81.4
10/30/09,2009,10,30,18,N,control,N fertilized,4,33.5
10/30/09,2009,10,30,21,N,control,N fertilized,3,67.54
10/30/09,2009,10,30,23,N,control,N fertilized,6,69.22
4/8/10,2010,4,8,6,N,control,N fertilized,1,29.97
4/8/10,2010,4,8,9,N,control,N fertilized,5,50.7
4/8/10,2010,4,8,11,N,control,N fertilized,4,34.1
4/8/10,2010,4,8,16,N,control,N fertilized,2,31.4
4/8/10,2010,4,8,21,N,control,N fertilized,3,26.74
4/8/10,2010,4,8,23,N,control,N fertilized,6,46.03
5/18/10,2010,5,18,6,N,control,N fertilized,1,63.16
5/18/10,2010,5,18,9,N,control,N fertilized,5,64.54
5/18/10,2010,5,18,11,N,control,N fertilized,4,49.98
5/18/10,2010,5,18,16,N,control,N fertilized,2,60.5
5/18/10,2010,5,18,21,N,control,N fertilized,3,61.96
5/18/10,2010,5,18,23,N,control,N fertilized,6,53.53
6/15/10,2010,6,15,6,N,control,N fertilized,1,46.72
6/15/10,2010,6,15,9,N,control,N fertilized,5,46.15
6/15/10,2010,6,15,11,N,control,N fertilized,4,78.18
6/15/10,2010,6,15,16,N,control,N fertilized,2,115.34
6/15/10,2010,6,15,21,N,control,N fertilized,3,43.58
6/15/10,2010,6,15,23,N,control,N fertilized,6,65.39
7/14/10,2010,7,14,6,N,control,N fertilized,1,81.59
7/14/10,2010,7,14,9,N,control,N fertilized,5,117.88
7/14/10,2010,7,14,11,N,control,N fertilized,4,70.92
7/14/10,2010,7,14,16,N,control,N fertilized,2,66.68
7/14/10,2010,7,14,21,N,control,N fertilized,3,119.26
7/14/10,2010,7,14,23,N,control,N fertilized,6,64.29
8/19/10,2010,8,19,6,N,control,N fertilized,1,89.48
8/19/10,2010,8,19,9,N,control,N fertilized,5,96.32
8/19/10,2010,8,19,11,N,control,N fertilized,4,85.65
8/19/10,2010,8,19,16,N,control,N fertilized,2,107.72
8/19/10,2010,8,19,21,N,control,N fertilized,3,101.61
8/19/10,2010,8,19,23,N,control,N fertilized,6,107.16
9/23/10,2010,9,23,6,N,control,N fertilized,1,33.08
9/23/10,2010,9,23,9,N,control,N fertilized,5,72.01
9/23/10,2010,9,23,11,N,control,N fertilized,4,54.56
9/23/10,2010,9,23,16,N,control,N fertilized,2,68.62
9/23/10,2010,9,23,21,N,control,N fertilized,3,63.57
9/23/10,2010,9,23,23,N,control,N fertilized,6,86.75
10/30/10,2010,10,30,6,N,control,N fertilized,1,72.29
10/30/10,2010,10,30,9,N,control,N fertilized,5,62.67
10/30/10,2010,10,30,11,N,control,N fertilized,4,41.67
10/30/10,2010,10,30,16,N,control,N fertilized,2,70.09
10/30/10,2010,10,30,21,N,control,N fertilized,3,NA
10/30/10,2010,10,30,23,N,control,N fertilized,6,91.29
5/7/11,2011,5,7,6,N,control,N fertilized,1,86.49
5/7/11,2011,5,7,9,N,control,N fertilized,5,148.32
5/7/11,2011,5,7,11,N,control,N fertilized,4,73.95
5/7/11,2011,5,7,16,N,control,N fertilized,2,104.22
5/7/11,2011,5,7,21,N,control,N fertilized,3,80.43
5/7/11,2011,5,7,23,N,control,N fertilized,6,115.03
6/30/11,2011,6,30,6,N,control,N fertilized,1,129.74
6/30/11,2011,6,30,9,N,control,N fertilized,5,134.47
6/30/11,2011,6,30,11,N,control,N fertilized,4,140.6
6/30/11,2011,6,30,16,N,control,N fertilized,2,165.33
6/30/11,2011,6,30,21,N,control,N fertilized,3,166.41
6/30/11,2011,6,30,23,N,control,N fertilized,6,139.63
7/17/11,2011,7,17,6,N,control,N fertilized,1,234.38
7/17/11,2011,7,17,9,N,control,N fertilized,5,302.27
7/17/11,2011,7,17,11,N,control,N fertilized,4,306.16
7/17/11,2011,7,17,16,N,control,N fertilized,2,253.41
7/17/11,2011,7,17,21,N,control,N fertilized,3,259.03
7/17/11,2011,7,17,23,N,control,N fertilized,6,228.32
8/27/11,2011,8,27,6,N,control,N fertilized,1,313.51
8/27/11,2011,8,27,9,N,control,N fertilized,5,441.51
8/27/11,2011,8,27,11,N,control,N fertilized,4,401.73
8/27/11,2011,8,27,16,N,control,N fertilized,2,416
8/27/11,2011,8,27,21,N,control,N fertilized,3,368
8/27/11,2011,8,27,23,N,control,N fertilized,6,321.73
9/30/11,2011,9,30,6,N,control,N fertilized,1,158.27
9/30/11,2011,9,30,9,N,control,N fertilized,5,220.11
9/30/11,2011,9,30,11,N,control,N fertilized,4,173.84
9/30/11,2011,9,30,16,N,control,N fertilized,2,194.16
9/30/11,2011,9,30,21,N,control,N fertilized,3,207.13
9/30/11,2011,9,30,23,N,control,N fertilized,6,144.86
5/17/12,2012,5,17,6,N,control,N fertilized,1,33.73
5/17/12,2012,5,17,11,N,control,N fertilized,4,55.35
5/17/12,2012,5,17,16,N,control,N fertilized,2,89.08
5/17/12,2012,5,17,21,N,control,N fertilized,3,37.19
5/17/12,2012,5,17,23,N,control,N fertilized,6,51.03
6/11/12,2012,6,11,6,N,control,N fertilized,1,112.43
6/11/12,2012,6,11,9,N,control,N fertilized,5,160.43
6/11/12,2012,6,11,11,N,control,N fertilized,4,54.49
6/11/12,2012,6,11,16,N,control,N fertilized,2,132.76
6/11/12,2012,6,11,21,N,control,N fertilized,3,87.78
6/11/12,2012,6,11,23,N,control,N fertilized,6,142.7
7/2/12,2012,7,2,6,N,control,N fertilized,1,98.16
7/2/12,2012,7,2,9,N,control,N fertilized,5,90.38
7/2/12,2012,7,2,11,N,control,N fertilized,4,97.73
7/2/12,2012,7,2,16,N,control,N fertilized,2,115.46
7/2/12,2012,7,2,21,N,control,N fertilized,3,81.73
7/2/12,2012,7,2,23,N,control,N fertilized,6,117.62
8/2/12,2012,8,2,6,N,control,N fertilized,1,282.81
8/2/12,2012,8,2,9,N,control,N fertilized,5,215.35
8/2/12,2012,8,2,11,N,control,N fertilized,4,219.68
8/2/12,2012,8,2,16,N,control,N fertilized,2,337.3
8/2/12,2012,8,2,21,N,control,N fertilized,3,226.59
8/2/12,2012,8,2,23,N,control,N fertilized,6,244.32
9/4/12,2012,9,4,6,N,control,N fertilized,1,130.59
9/4/12,2012,9,4,9,N,control,N fertilized,5,96
9/4/12,2012,9,4,11,N,control,N fertilized,4,124.54
9/4/12,2012,9,4,16,N,control,N fertilized,2,131.03
9/4/12,2012,9,4,21,N,control,N fertilized,3,57.95
9/4/12,2012,9,4,23,N,control,N fertilized,6,147.03
9/21/12,2012,9,21,6,N,control,N fertilized,1,83.89
9/21/12,2012,9,21,9,N,control,N fertilized,5,70.92
9/21/12,2012,9,21,11,N,control,N fertilized,4,87.78
9/21/12,2012,9,21,16,N,control,N fertilized,2,84.32
9/21/12,2012,9,21,21,N,control,N fertilized,3,55.35
9/21/12,2012,9,21,23,N,control,N fertilized,6,NA
10/8/12,2012,10,8,6,N,control,N fertilized,1,53.19
10/8/12,2012,10,8,9,N,control,N fertilized,5,48
10/8/12,2012,10,8,11,N,control,N fertilized,4,71.78
10/8/12,2012,10,8,16,N,control,N fertilized,2,62.7
10/8/12,2012,10,8,21,N,control,N fertilized,3,55.35
10/8/12,2012,10,8,23,N,control,N fertilized,6,71.35
5/15/13,2013,5,15,6,N,control,N fertilized,1,65.31
5/15/13,2013,5,15,9,N,control,N fertilized,5,145.97
5/15/13,2013,5,15,11,N,control,N fertilized,4,107.63
5/15/13,2013,5,15,16,N,control,N fertilized,2,101.79
5/15/13,2013,5,15,21,N,control,N fertilized,3,88.7
5/15/13,2013,5,15,23,N,control,N fertilized,6,91.9
6/20/13,2013,6,20,6,N,control,N fertilized,1,225.88
6/20/13,2013,6,20,9,N,control,N fertilized,5,317.76
6/20/13,2013,6,20,11,N,control,N fertilized,4,173.5
6/20/13,2013,6,20,16,N,control,N fertilized,2,260.42
6/20/13,2013,6,20,21,N,control,N fertilized,3,273.8
6/20/13,2013,6,20,23,N,control,N fertilized,6,224.31
8/19/13,2013,8,19,6,N,control,N fertilized,1,90.18
8/19/13,2013,8,19,9,N,control,N fertilized,5,183.83
8/19/13,2013,8,19,11,N,control,N fertilized,4,152.62
8/19/13,2013,8,19,16,N,control,N fertilized,2,137.7
8/19/13,2013,8,19,21,N,control,N fertilized,3,98.5
8/19/13,2013,8,19,23,N,control,N fertilized,6,104.06
9/16/13,2013,9,16,6,N,control,N fertilized,1,121.36
9/16/13,2013,9,16,9,N,control,N fertilized,5,164.39
9/16/13,2013,9,16,11,N,control,N fertilized,4,128.47
9/16/13,2013,9,16,16,N,control,N fertilized,2,103.21
9/16/13,2013,9,16,21,N,control,N fertilized,3,89.11
9/16/13,2013,9,16,23,N,control,N fertilized,6,99.81
10/18/13,2013,10,18,6,N,control,N fertilized,1,66.49
10/18/13,2013,10,18,9,N,control,N fertilized,5,115.11
10/18/13,2013,10,18,11,N,control,N fertilized,4,93.15
10/18/13,2013,10,18,16,N,control,N fertilized,2,81.52
10/18/13,2013,10,18,21,N,control,N fertilized,3,71.76
10/18/13,2013,10,18,23,N,control,N fertilized,6,80.38